10,1,4,423,11767,24 CLASSIC COFFRET,1
10,1,4,423,11768,24 CLASSIC PERFUME,1
10,1,4,424,11769,24 ELIXIR AMBROSIA,1
10,1,4,424,11770,24 ELIXIR AZUR,1
10,1,4,424,11771,24 ELIXIR GOLD,1
10,1,4,424,11772,24 ELIXIR NEROLI,1
10,1,4,424,11773,24 ELIXIR PLATINUM,1
10,1,4,424,11774,24 ELIXIR RISE OF THE SUPERB,1
10,1,4,425,11775,24 GO DARK,1
10,1,4,426,11776,24 GOLD,1
10,1,4,426,11777,24 GOLD OUD,1
10,1,4,427,11778,24 LIVE ANOTHER DAY,1
10,1,4,427,11779,24 LIVE ANOTHER NIGHT,1
10,1,4,428,11780,24 PLATINUM,1
10,1,4,428,11781,24 PLATINUM OUD,1
10,135,4,432,11782,50 YEARS FORD MUSTANG,1
10,135,4,432,11783,50 YEARS FORD MUSTANG HER,1
10,135,4,432,11784,50 YEARS FORD MUSTANG POUR HOMME,1
10,10,4,433,11785,ALAIA PARIS,1
10,10,4,433,11786,ALAIA PARIS EXTRAIT,1
10,12,4,434,11787,ALFRED SUNG PARADISE POUR FEMME,1
10,347,4,967,11788,ALIBI V CANTO EXTRAIT DE PARFUM,1
10,347,4,967,11789,AMANS V CANTO EXTRAIT DE PARFUM,1
10,347,4,967,11790,ARSENICO V CANTO EXTRAIT DE PARFUM,1
10,410,4,436,11791,ATELIER DES ORS AUBE RUBIS,1
10,410,4,436,11792,ATELIER DES ORS BOIS SIKAR,1
10,410,4,436,11793,ATELIER DES ORS CREPUSCULE DES AMES,1
10,410,4,436,11794,ATELIER DES ORS CUIR SACRE,1
10,410,4,436,11795,ATELIER DES ORS DELUBE SUITCASE,1
10,410,4,436,11796,ATELIER DES ORS IRIS FAUVE,1
10,410,4,436,11797,ATELIER DES ORS LARMES DU DESERT,1
10,410,4,436,11798,ATELIER DES ORS LUNE FELINE,1
10,410,4,436,11799,ATELIER DES ORS MUSC IMMORTEL,1
10,410,4,436,11800,ATELIER DES ORS POMELO RIVIERA,1
10,410,4,436,11801,ATELIER DES ORS RIVIERA DRIVE,1
10,410,4,436,11802,ATELIER DES ORS RIVIERA LAZULT,1
10,410,4,436,11803,ATELIER DES ORS ROSE OMEYYADE,1
10,410,4,437,11804,ATELIER MATERI EAU DE PARFUM,1
10,24,4,438,11805,AUBADE  ANECDOTE FOR WOMEN,1
10,24,4,438,11806,AUBADE AUBADE FOR WOMEN,1
10,17,4,435,11807,AV-BLACK TEAR,1
10,17,4,435,11808,AV-COEUR DE VANILLE,1
10,17,4,435,11809,AV-JUICY FLOWER,1
10,17,4,435,11810,AV-SOIR DE MER,1
10,17,4,435,11811,AV-TABAROM,1
10,25,4,439,11812,AXIS BLACK,1
10,25,4,440,11813,AXIS GLAMOUR,1
10,25,4,441,11814,AXIS MIDNIGHT,1
10,25,4,442,11815,AXIS ORIGINAL,1
10,25,4,443,11816,AXIS SO PRECIOUS,1
10,25,4,444,11817,AXIS WINNER,1
10,427,4,674,11818,BALLERINA,1
10,427,4,674,11819,BALLERINA NO.1,1
10,427,4,674,11820,BALLERINA NO.2,1
10,427,4,674,11821,BALLERINA NO.3,1
10,411,4,445,11822,BEYONCE HEAT,1
10,427,4,677,11823,BLEU ABTSSE,1
10,38,4,446,11824,BOTTEGA VENETTA POUR HOMME,1
10,379,4,447,11825,BOUCHERON INITIAL,1
10,379,4,447,11826,BOUCHERON WOMAN,1
10,39,4,448,11827,BRIONI,1
10,42,4,449,11828,CABOTINE ROSALIE,1
10,50,4,450,11829,CARIBEAN JOE MAN,1
10,51,4,451,11830,CARITA HAUTE BEAUTE TEINT BEIGE,1
10,51,4,451,11831,CARITA HAUTE BEAUTE TEINT BEIGE ROSE,1
10,51,4,451,11832,CARITA HAUTE BEAUTE TEINT BEIGE SUBLIME,1
10,414,4,453,11833,CELINE DION BELONG,1
10,415,4,455,11834,CHAUGAN DELICATE,1
10,415,4,455,11835,CHAUGAN FLEUR DE PAVOT,1
10,415,4,455,11836,CHAUGAN MYSTERIEUSE,1
10,415,4,455,11837,CHAUGAN PALAIS D'OR,1
10,415,4,455,11838,CHAUGAN ROYAL CANNABIS,1
10,415,4,455,11839,CHAUGAN SUBLIME,1
10,415,4,455,11840,CHAUGAN TERRE DE PERSE,1
10,415,4,455,11841,CHAUGAN VOLUTE D'OR,1
10,62,4,456,11842,CHOPARD BRILLIANT WISH,1
10,66,4,457,11843,CHRISTIAN SIRIANO SILHOUETTE,1
10,67,4,458,11844,CHRISTIANO RONALDO LEGACY,1
10,347,4,967,11845,CICUTA V CANTO EXTRAIT DE PARFUM,1
10,251,4,459,11846,CLAUDE MONTANA FOR WOMEN,1
10,413,4,452,11847,CM ROMANCE DE PROVENCE,1
10,413,4,452,11848,CM STYLE DE PARIS,1
10,57,4,454,11849,COCO MAN,1
10,57,4,454,11850,COCO MAN TIN SET,1
10,57,4,454,11851,COCO WOMAN,1
10,57,4,454,11852,COCO WOMAN TIN SET,1
10,93,4,500,11853,COLLECTION FW 16,1
10,77,4,493,11854,COLLISTAR ACQUA ATTIVA,1
10,77,4,493,11855,COLLISTAR ACQUA WOOD,1
10,77,4,461,11856,COLLISTAR ANNIVERSARY EDITION,1
10,77,4,493,11857,COLLISTAR AQUA ATTIVA ASSOLUTA,1
10,77,4,466,11858,COLLISTAR ART DESIGN LIPSTICK MATTE,1
10,77,4,466,11859,COLLISTAR ART DESIGN LIPSTICK ROSSETTO,1
10,77,4,467,11860,COLLISTAR AUTUMN AND WINTER COLLECTION 2015,1
10,77,4,467,11861,COLLISTAR AUTUMN AND WINTER COLLECTION-13,1
10,77,4,470,11862,COLLISTAR BRONE LOOK-2013,1
10,77,4,471,11863,COLLISTAR CAPRI COLLECTION-12,1
10,77,4,462,11864,COLLISTAR CHRISTMAS COFFRET 2019,1
10,77,4,472,11865,COLLISTAR CHRISTMAS COLLECTION 16,1
10,77,4,472,11866,COLLISTAR CHRISTMAS COLLECTION 17,1
10,77,4,472,11867,COLLISTAR CHRISTMAS COLLECTION 19,1
10,77,4,473,11868,COLLISTAR CHRISTMAS PROMOTION 2014,1
10,77,4,461,11869,COLLISTAR CHRISTMAS SET,1
10,77,4,461,11870,COLLISTAR CREAM,1
10,77,4,461,11871,COLLISTAR CREAM POWDER FOUNDATION MATTE,1
10,77,4,461,11872,COLLISTAR CREAMA DEI SENSI,1
10,77,4,468,11873,COLLISTAR CREAMA SOFFICE DELLA FELICITA,1
10,77,4,462,11874,COLLISTAR CREMA CAREZZA DELL'AMORE,1
10,77,4,461,11875,COLLISTAR DEI SENSI,1
10,77,4,468,11876,COLLISTAR DEODORANTE DELLA FELICITA,1
10,77,4,462,11877,COLLISTAR DEODRANTE DELL'AMORE,1
10,77,4,462,11878,COLLISTAR DOCCIA CREMA DELL'AMORE,1
10,77,4,468,11879,COLLISTAR DOCCIA DELLA FELICITA,1
10,77,4,487,11880,COLLISTAR DOCCIA DI ENERGIA,1
10,77,4,486,11881,COLLISTAR EDP,1
10,77,4,480,11882,COLLISTAR ENAMEL,1
10,77,4,480,11883,COLLISTAR ENAMEL PERLA,1
10,77,4,484,11884,COLLISTAR ENAMEL PETROL STEEL,1
10,77,4,480,11885,COLLISTAR ENAMEL ROSSO,1
10,77,4,461,11886,COLLISTAR FLAWLESS EYEBROWS,1
10,77,4,461,11887,COLLISTAR FOUNDATION CONCEALER,1
10,77,4,487,11888,COLLISTAR GEL FONDENTE DI ENERGIA,1
10,77,4,461,11889,COLLISTAR HAPPY BIRTHDAY COLLECTIONS,1
10,77,4,461,11890,COLLISTAR HIGH DEFINITION FOUNDATION,1
10,77,4,474,11891,COLLISTAR ICON LIPSTICK,1
10,77,4,461,11892,COLLISTAR IDRO ATTIVA LINE,1
10,77,4,461,11893,COLLISTAR ILLY A/W-17,1
10,77,4,461,11894,COLLISTAR ITALIAN BEAUTY,1
10,77,4,486,11895,COLLISTAR LA ROSA,1
10,77,4,486,11896,COLLISTAR LA VANIGLIA,1
10,77,4,475,11897,COLLISTAR LIBERA COLLECTION SS18,1
10,77,4,461,11898,COLLISTAR LIFTING HD,1
10,77,4,461,11899,COLLISTAR LIMITED EDITION,1
10,77,4,486,11900,COLLISTAR L'INCENSO,1
10,77,4,493,11901,COLLISTAR LINEA UOMO,1
10,77,4,461,11902,COLLISTAR LONG LASTING MATTE FOUNDATION,1
10,77,4,461,11903,COLLISTAR MADE IN ITALY COLLECTION,1
10,77,4,467,11904,COLLISTAR MAGIC EYESHADOW,1
10,77,4,461,11905,COLLISTAR MAGIC ROOT CC FOR THE HAIR,1
10,77,4,479,11906,COLLISTAR MAKE UP (NAILS) PERFECT MINI,1
10,77,4,476,11907,COLLISTAR MAKE UP(EYES) INFINITO,1
10,77,4,476,11908,COLLISTAR MAKE UP(EYES)-2-EFFECT E/SHADOW,1
10,77,4,476,11909,COLLISTAR MAKE UP(EYES)-3-DIMENSION MASCARA,1
10,77,4,476,11910,COLLISTAR MAKE UP(EYES)-E/SHADOW LUMINOUS,1
10,77,4,476,11911,COLLISTAR MAKE UP(EYES)-EYE CONTOUR,1
10,77,4,476,11912,COLLISTAR MAKE UP(EYES)-KAJAL PENCIL,1
10,77,4,476,11913,COLLISTAR MAKE UP(EYES)-PEARLY E/SHADOW,1
10,77,4,476,11914,COLLISTAR MAKE UP(EYES)-SILK-EFFECT E/SHADOW,1
10,77,4,476,11915,COLLISTAR MAKE UP(EYES)-TECNICO EYELINER,1
10,77,4,477,11916,COLLISTAR MAKE UP(FACE)-ANTI-AGE LIFTNG,1
10,77,4,477,11917,COLLISTAR MAKE UP(FACE)-BRONZING POWDER,1
10,77,4,477,11918,COLLISTAR MAKE UP(FACE)-CONCEALER,1
10,77,4,477,11919,COLLISTAR MAKE UP(FACE)-FILLER CONCEALER,1
10,77,4,477,11920,COLLISTAR MAKE UP(FACE)-FLUID FOUNDATION,1
10,77,4,477,11921,COLLISTAR MAKE UP(FACE)-HIGHLIGHTING,1
10,77,4,477,11922,COLLISTAR MAKE UP(FACE)-LIFTING-EFFECT,1
10,77,4,477,11923,COLLISTAR MAKE UP(FACE)-SILK EFFCT MAXI,1
10,77,4,477,11924,COLLISTAR MAKE UP(FACE)-SILK EFFECT COMPACT,1
10,77,4,477,11925,COLLISTAR MAKE UP(FACE)-SILK EFFECT LOOSE,1
10,77,4,477,11926,COLLISTAR MAKE UP(FACE)-SILK EFFECT MAT-FIN,1
10,77,4,477,11927,COLLISTAR MAKE UP(FACE)-SILK EFFECT MAXI,1
10,77,4,477,11928,COLLISTAR MAKE UP(FACE)-SILK-EFFECT BRONZE,1
10,77,4,478,11929,COLLISTAR MAKE UP(LIPS)-EXTRA GLOSS LIPS,1
10,77,4,478,11930,COLLISTAR MAKE UP(LIPS)EXTRAORDINARY DUO,1
10,77,4,478,11931,COLLISTAR MAKE UP(LIPS)-GLOSS DESIGN,1
10,77,4,478,11932,COLLISTAR MAKE UP(LIPS)-LIP CONTOUR,1
10,77,4,478,11933,COLLISTAR MAKE UP(LIPS)-NEW PURO LIPSTCK,1
10,77,4,478,11934,COLLISTAR MAKE UP(LIPS)-PROF LIP PENCIL,1
10,77,4,478,11935,COLLISTAR MAKE UP(LIPS)-VIBRAZIONI DICOL,1
10,77,4,476,11936,COLLISTAR MAKE UP-EYES DUO,1
10,77,4,479,11937,COLLISTAR MAKE-UP (NAILS),1
10,77,4,461,11938,COLLISTAR MAKEUP FACE,1
10,77,4,477,11939,COLLISTAR MAKEUP FACE UNICO,1
10,77,4,478,11940,COLLISTAR MAKEUP LIPS EXTRA GLOSS,1
10,77,4,478,11941,COLLISTAR MAKEUP LIPS ROSETTO DESIGN,1
10,77,4,478,11942,COLLISTAR MAKEUP LIPS UNICO,1
10,77,4,461,11943,COLLISTAR MAKE-UP SET NOV-12,1
10,77,4,479,11944,COLLISTAR MAKE-UP(NAILS)-PERFECT NAILS,1
10,77,4,476,11945,COLLISTAR MASCARA,1
10,77,4,461,11946,COLLISTAR MASCARA ART DESIGN,1
10,77,4,461,11947,COLLISTAR MASCARA PROMO 17,1
10,77,4,461,11948,COLLISTAR MASCARA PROMO 2016,1
10,77,4,461,11949,COLLISTAR MASCARA SHOCK,1
10,77,4,461,11950,COLLISTAR MASCARA VOLUME,1
10,77,4,461,11951,COLLISTAR MASK,1
10,77,4,481,11952,COLLISTAR MILANO LOOK-2012,1
10,77,4,468,11953,COLLISTAR MOUSSE DELLA FELICITA,1
10,77,4,462,11954,COLLISTAR MOUSSE DELL'AMORE,1
10,77,4,469,11955,COLLISTAR MOUSSE DELL'ARMONIA,1
10,77,4,461,11956,COLLISTAR NATURA,1
10,77,4,482,11957,COLLISTAR NEW SPRING SUMMER 2016,1
10,77,4,461,11958,COLLISTAR OIL NAIL LACQUER MIRROR,1
10,77,4,483,11959,COLLISTAR PARLAMI D'AMORE FLOW 16,1
10,77,4,471,11960,COLLISTAR PERFECT NAIL ENAMEL,1
10,77,4,474,11961,COLLISTAR PERFECT NAIL ENAMEL,1
10,77,4,484,11962,COLLISTAR PERFECT NAIL ENAMEL,1
10,77,4,461,11963,COLLISTAR PERFECTA,1
10,77,4,485,11964,COLLISTAR PORTOFINO SS19,1
10,77,4,461,11965,COLLISTAR PREMIER 24HP PERFECT SKIN FOUNDATION,1
10,77,4,478,11966,COLLISTAR PRETTY GLOSS CREAMY,1
10,77,4,461,11967,COLLISTAR PROFESSIONAL EYE LINER,1
10,77,4,467,11968,COLLISTAR PROFESSIONAL EYE PENCIL,1
10,77,4,461,11969,COLLISTAR PROFESSIONAL EYE PENCIL,1
10,77,4,461,11970,COLLISTAR PROFESSIONAL EYEBROW PEN,1
10,77,4,466,11971,COLLISTAR PROFESSIONAL LIPSTICK,1
10,77,4,461,11972,COLLISTAR PROFUMO DEI SOGNI,1
10,77,4,462,11973,COLLISTAR PROFUMO DELL'AMORE,1
10,77,4,468,11974,COLLISTAR PROFUMO DI BENESSERE,1
10,77,4,487,11975,COLLISTAR PROFUMO DI ENERGIA,1
10,77,4,461,11976,COLLISTAR PURE ACTIVES,1
10,77,4,465,11977,COLLISTAR PURO,1
10,77,4,461,11978,COLLISTAR RIGENERA,1
10,77,4,465,11979,COLLISTAR ROSETTO PURO,1
10,77,4,461,11980,COLLISTAR S.O.S WRINKLE,1
10,77,4,461,11981,COLLISTAR SATINY EYE SHADOW,1
10,77,4,461,11982,COLLISTAR SERUM FOUNDATION PERFECT,1
10,77,4,479,11983,COLLISTAR SOS PERFECT,1
10,77,4,461,11984,COLLISTAR SPECIAL ANTI-AGE,1
10,77,4,461,11985,COLLISTAR SPECIAL COMBNTN AND OILY SKIN,1
10,77,4,461,11986,COLLISTAR SPECIAL FIRST WRINKLE,1
10,77,4,461,11987,COLLISTAR SPECIAL HYPER SENSITIVE,1
10,77,4,461,11988,COLLISTAR SPECIAL NORMAL AND DRY SKINS,1
10,77,4,461,11989,COLLISTAR SPECIAL PERFECT BODY,1
10,77,4,461,11990,COLLISTAR SPECIAL PERFECT HAIR,1
10,77,4,461,11991,COLLISTAR SPECIAL PERFECT TANNING,1
10,77,4,488,11992,COLLISTAR SPRING SUMMER COLLECTION 17,1
10,77,4,461,11993,COLLISTAR SUBLIME BLACK PRECIOUS,1
10,77,4,489,11994,COLLISTAR SUN COLLECTION-12,1
10,77,4,461,11995,COLLISTAR SUPER MOISTURIZING FOUNDATION,1
10,77,4,478,11996,COLLISTAR SUPERGLOSS,1
10,77,4,461,11997,COLLISTAR TAN WITHOUT SUNSHINE,1
10,77,4,461,11998,COLLISTAR TI AMO COLLECTIONS,1
10,77,4,471,11999,COLLISTAR TOP GLOSS STICK,1
10,77,4,478,12000,COLLISTAR TOP GLOSS STICK,1
10,77,4,490,12001,COLLISTAR TOP GLOSS STICK,1
10,77,4,467,12002,COLLISTAR TOTAL PERFECTION CONCEALER,1
10,77,4,491,12003,COLLISTAR TRANSPARENCY S/S 2015,1
10,77,4,477,12004,COLLISTAR TRIO ALL OVER FACES,1
10,77,4,492,12005,COLLISTAR TWIST,1
10,77,4,461,12006,COLLISTAR UNICO,1
10,77,4,493,12007,COLLISTAR UOMO ACQUA,1
10,77,4,493,12008,COLLISTAR VETIVER FORTE,1
10,77,4,467,12009,COLLISTAR VIBRAZIONI DI COLORE,1
10,77,4,488,12010,COLLISTAR VIBRAZIONI DI COLORE,1
10,77,4,461,12011,COLLISTAR WHITENING,1
10,347,4,967,12012,COR GENTLE V CANTO EXTRAIT DE PARFUM,1
10,347,4,967,12013,CUIANURO V CANTO EXTRAIT DE PARFUM,1
10,347,4,967,12014,CURARO V CANTO EXTRAIT DE PARFUM,1
10,88,4,494,12015,DAVID BECKHAM INITIMATELY BECKHAM WOMEN,1
10,88,4,495,12016,DAVID BECKHAM SIGNATURE MEN,1
10,89,4,496,12017,DAVIDOFF HOT WATER,1
10,89,4,497,12018,DAVIDOFF SILVER SHADOW AFTER SHAVE,1
10,93,4,536,12019,DDP  BLACK SECRET,1
10,93,4,554,12020,DDP 2 W.W. OIL FREE FOUNDATION,1
10,93,4,513,12021,DDP ABSOLUTE MAT LIPSTICK,1
10,93,4,521,12022,DDP AFTER SUN TREATMENT,1
10,93,4,498,12023,DDP ALOE DRINK,1
10,93,4,564,12024,DDP ANGEL GLOW POWDER,1
10,93,4,500,12025,DDP ANTHRACITE EYELINER,1
10,93,4,502,12026,DDP ANTI AGE LIPSTICK,1
10,93,4,512,12027,DDP AQUA MIST,1
10,93,4,530,12028,DDP ASH BROWN EYELINER,1
10,93,4,536,12029,DDP ASTAXANTINA,1
10,93,4,499,12030,DDP BAD ROMANCE GEISHA,1
10,93,4,511,12031,DDP BB CREAM 5 IN 1 SPF15,1
10,93,4,539,12032,DDP BIBIDI BOBIDI,1
10,93,4,510,12033,DDP BIG BUBBLE NAIL POLISH,1
10,93,4,540,12034,DDP BIPHASIC REMOVER,1
10,93,4,519,12035,DDP BLACK SECRET,1
10,93,4,509,12036,DDP BLUE EYELINER,1
10,93,4,533,12037,DDP BLUE VELVET NAILS,1
10,93,4,518,12038,DDP BLUE VENICE,1
10,93,4,533,12039,DDP BLUNOTTE EYE LINER,1
10,93,4,512,12040,DDP BOCCA DI ROSA LIP STYLO,1
10,93,4,514,12041,DDP BON BON BLUSH,1
10,93,4,503,12042,DDP BRILLIANT GLOSS,1
10,93,4,530,12043,DDP BURGUNDY LIPSTICK,1
10,93,4,518,12044,DDP CALIFORNIA DREAMING,1
10,93,4,553,12045,DDP CAMOUFLAGE CORRECTOR,1
10,93,4,509,12046,DDP CAN EYESHADOW,1
10,93,4,528,12047,DDP CANNABIS SATIVA SEED OIL,1
10,93,4,506,12048,DDP CC COMPACT POWDER,1
10,93,4,509,12049,DDP CC CREAM NATURAL OIL FREE,1
10,93,4,506,12050,DDP CC PROFESSIONAL CREAM,1
10,93,4,513,12051,DDP CHUBBY LIP STYL0,1
10,93,4,513,12052,DDP CHUBBY LIP STYLO,1
10,93,4,508,12053,DDP CHUBBY LIP&CHEEK,1
10,93,4,562,12054,DDP CIGLIONE 2020,1
10,93,4,536,12055,DDP CLEANSING,1
10,93,4,500,12056,DDP COLD METAL EYESHADOW,1
10,93,4,504,12057,DDP COLOR BLOCK LIP LINER,1
10,93,4,499,12058,DDP COLOR CREAM GLOSS,1
10,93,4,506,12059,DDP COLOR SHOCK EYESHADOW,1
10,93,4,550,12060,DDP COMPACT COLOUR LINER,1
10,93,4,564,12061,DDP COMPACT POWDER,1
10,93,4,545,12062,DDP COMPACT POWDER FOUNDATION,1
10,93,4,564,12063,DDP COMPACT POWDER H/LIGHTER,1
10,93,4,539,12064,DDP CONTOURING & SCULPTING,1
10,93,4,513,12065,DDP CONTOURING BLUSH,1
10,93,4,520,12066,DDP CORRECTIVE EYE PENCIL,1
10,93,4,546,12067,DDP COVER STICK CONCEALER,1
10,93,4,514,12068,DDP CREAM BRONZER,1
10,93,4,506,12069,DDP CREAM COMPACT FOUNDATION,1
10,93,4,554,12070,DDP CREAM COMPACT FOUNDATION,1
10,93,4,567,12071,DDP CREAM EYEBROW LINER W/RESIST,1
10,93,4,504,12072,DDP CREAMY BLUSH,1
10,93,4,499,12073,DDP DAILY LIPSTICK,1
10,93,4,499,12074,DDP DEEP EARTH EYESHADOW,1
10,93,4,514,12075,DDP DESIGN EYEBROW POWDER,1
10,93,4,536,12076,DDP DETOX MAKEUP CLEANSING,1
10,93,4,533,12077,DDP DIAMANTE EYE LINER,1
10,93,4,532,12078,DDP DRAMA QUEEN,1
10,93,4,538,12079,DDP DRENA ULTRA DRAINING GEL,1
10,93,4,517,12080,DDP DUO BRONZER,1
10,93,4,548,12081,DDP DUO EYESHADOW,1
10,93,4,531,12082,DDP DUSTY PINK EYESHADOW,1
10,93,4,553,12083,DDP ECLIPSE FOUNDATION,1
10,93,4,555,12084,DDP EFFETTI SPECIAL THE ELISIR,1
10,93,4,509,12085,DDP EGO LIPSTICK,1
10,93,4,538,12086,DDP ESFOLIA SKIN RENEWING,1
10,93,4,539,12087,DDP ESSENTIAL KIT,1
10,93,4,507,12088,DDP EXTRA VOLUME MASCARA,1
10,93,4,539,12089,DDP EYE KIT,1
10,93,4,550,12090,DDP EYE LINER,1
10,93,4,499,12091,DDP EYE PENCIL,1
10,93,4,547,12092,DDP EYE PENCIL,1
10,93,4,509,12093,DDP EYE PENCIL,1
10,93,4,504,12094,DDP EYE PENCIL AND KAJAL,1
10,93,4,516,12095,DDP EYE PENCIL AND KAJAL,1
10,93,4,561,12096,DDP EYE PENCIL WATERPROOF,1
10,93,4,504,12097,DDP EYE PRIMER,1
10,93,4,500,12098,DDP EYEBROW ARCH PERFECTING,1
10,93,4,508,12099,DDP EYEBROW KIT,1
10,93,4,567,12100,DDP EYEBROW LIQUID LINER W/RESIST,1
10,93,4,549,12101,DDP EYEBROW PENCIL,1
10,93,4,567,12102,DDP EYEBROW PENCIL HIGH PRECISION,1
10,93,4,567,12103,DDP EYEBROW PENCIL W/RESIST,1
10,93,4,567,12104,DDP EYEBROW POWDER,1
10,93,4,512,12105,DDP EYEBROW POWDER PENCIL,1
10,93,4,544,12106,DDP EYEBROW SCISSORS,1
10,93,4,544,12107,DDP EYEBROW TWEEZER,1
10,93,4,567,12108,DDP EYEBROW VOLUMIZING FIXER,1
10,93,4,544,12109,DDP EYELASHER CURLER,1
10,93,4,524,12110,DDP EYELINER,1
10,93,4,548,12111,DDP EYESHADOW,1
10,93,4,524,12112,DDP EYESHADOW,1
10,93,4,508,12113,DDP EYESHADOW KIT,1
10,93,4,516,12114,DDP EYESHADOW PALETTE,1
10,93,4,508,12115,DDP EYESHADOW&KAJAL,1
10,93,4,544,12116,DDP FAKE EYELASHES KIT,1
10,93,4,506,12117,DDP FOTO SHOCK MINERAL BRONZING,1
10,93,4,512,12118,DDP FRANGIPANE CHEEKS POWDER,1
10,93,4,539,12119,DDP FULL FACE PALETTE,1
10,93,4,539,12120,DDP GEISHA KIT,1
10,93,4,552,12121,DDP GEISHA LIFT CONCEALER,1
10,93,4,553,12122,DDP GEISHA LIFT FOUNDATION,1
10,93,4,539,12123,DDP GINGER RED LIPS,1
10,93,4,509,12124,DDP GLITTER SILVER MASCARA,1
10,93,4,563,12125,DDP GLOSSY TOP COAT,1
10,93,4,510,12126,DDP GLOW & PERFUME POTION,1
10,93,4,517,12127,DDP GLOW UP HIGHLIGHTER,1
10,93,4,536,12128,DDP GLYCOLIC POWER,1
10,93,4,539,12129,DDP GO CRAZY EYESHADOW PALETTE,1
10,93,4,519,12130,DDP GOLD INFUSION,1
10,93,4,536,12131,DDP GOLD INFUSION,1
10,93,4,517,12132,DDP GOLDEN BROWN EYELINER,1
10,93,4,509,12133,DDP HAPPY NAIL POLISH,1
10,93,4,563,12134,DDP HARDENING BASE,1
10,93,4,562,12135,DDP HIGH PERFORMANCE MASCARA,1
10,93,4,539,12136,DDP HIGHLIGHT & BLUSH CONTOUR PALETTE,1
10,93,4,510,12137,DDP HOLOGRAM BLUSH,1
10,93,4,500,12138,DDP HYDRA BOMB LIP BALM,1
10,93,4,542,12139,DDP HYDRA BUTTER BRONZING POWDER,1
10,93,4,564,12140,DDP HYDRA BUTTER COMPACT POWDER,1
10,93,4,565,12141,DDP HYDRATION PASSION,1
10,93,4,536,12142,DDP HYDRATION PASSION,1
10,93,4,562,12143,DDP ICONIC LASHES KIT,1
10,93,4,562,12144,DDP IL MASCARA,1
10,93,4,508,12145,DDP ILLUMINATING EYE BASE,1
10,93,4,506,12146,DDP ILLUMINATING POWDER,1
10,93,4,513,12147,DDP ILLUSION EYESHADOW,1
10,93,4,533,12148,DDP ILLUSION EYESHADOW,1
10,93,4,536,12149,DDP INSTANT BEAUTY,1
10,93,4,498,12150,DDP JALU ALOE GEL,1
10,93,4,518,12151,DDP JELLY RAINBOW,1
10,93,4,509,12152,DDP JUMBO EYE PENCIL & KAJAL,1
10,93,4,515,12153,DDP KAJAL,1
10,93,4,511,12154,DDP KAJAL POWDER,1
10,93,4,556,12155,DDP KHOL KAJAL,1
10,93,4,551,12156,DDP LA PALLETE EYESHADOWS,1
10,93,4,539,12157,DDP LADY NUDE KIT,1
10,93,4,562,12158,DDP LASH BOOSTER MASCARA CIGLIONE,1
10,93,4,554,12159,DDP LIFTING EFFECT CREAM FOUNDATION,1
10,93,4,546,12160,DDP LIFTING EFFECT FLUID CONCEALER,1
10,93,4,510,12161,DDP LIKE A PEARL NAIL POLISH,1
10,93,4,514,12162,DDP LIP & CHEEK & EYE ALL OVER STICK,1
10,93,4,522,12163,DDP LIP & EYE PENCIL,1
10,93,4,526,12164,DDP LIP GLOSS,1
10,93,4,560,12165,DDP LIP PENCIL,1
10,93,4,557,12166,DDP LIP PENCIL,1
10,93,4,526,12167,DDP LIP PENCIL,1
10,93,4,530,12168,DDP LIQUID COLOR LIPSTICK,1
10,93,4,504,12169,DDP LIQUID LIPSTICK,1
10,93,4,504,12170,DDP LIQUID WATERPROOF EYE PENCIL,1
10,93,4,562,12171,DDP LONG LASH MASCARA,1
10,93,4,513,12172,DDP LONG LASTING EYE LINER,1
10,93,4,509,12173,DDP LONG LASTING EYE STYLO,1
10,93,4,505,12174,DDP LONG WEARING EYESHADOW,1
10,93,4,510,12175,DDP LONG WEARING EYESHADOW,1
10,93,4,530,12176,DDP LONG WEARING EYESHADOW,1
10,93,4,520,12177,DDP LUMI LIP LACQUER,1
10,93,4,530,12178,DDP LUSCIOUS PERF HIGHLIGHTER,1
10,93,4,530,12179,DDP LUSCIOUS ROSE BLUSH,1
10,93,4,529,12180,DDP LUXURY BLACK,1
10,93,4,532,12181,DDP MAKE A PARTY,1
10,93,4,540,12182,DDP MAKEUP BRUSH,1
10,93,4,544,12183,DDP MAKEUP BRUSH,1
10,93,4,525,12184,DDP MAKEUP FACE,1
10,93,4,540,12185,DDP MAKEUP FIXER,1
10,93,4,524,12186,DDP MAKEUP KITS,1
10,93,4,544,12187,DDP MAKEUP SPONGE,1
10,93,4,563,12188,DDP MAKEUP-NAILS,1
10,93,4,524,12189,DDP MASCARA,1
10,93,4,562,12190,DDP MASCARA GOGO KIT,1
10,93,4,562,12191,DDP MASCARA MANIA,1
10,93,4,562,12192,DDP MASCARA PRIMA VISIONE,1
10,93,4,562,12193,DDP MASCARA SUB AQUEO,1
10,93,4,562,12194,DDP MASCARA TRANSFORMISTA,1
10,93,4,562,12195,DDP MASCARA TUBE,1
10,93,4,504,12196,DDP MAT COLOUR STYLO,1
10,93,4,514,12197,DDP MAT LIPSTICK,1
10,93,4,534,12198,DDP MATT EYESHADOW,1
10,93,4,499,12199,DDP MATT LIPSTICK,1
10,93,4,523,12200,DDP MATT LIPSTICK,1
10,93,4,531,12201,DDP MATT LIPSTICK,1
10,93,4,511,12202,DDP MATT LIQUID LIPSTICK,1
10,93,4,512,12203,DDP MEDITERRANEO,1
10,93,4,499,12204,DDP METAL EYESHADOW,1
10,93,4,517,12205,DDP METAL GEISHA LIPSTICK,1
10,93,4,517,12206,DDP METAL OBSESSION ,1
10,93,4,516,12207,DDP METALLIC GLOSS,1
10,93,4,516,12208,DDP METALLIC NAIL POLISH,1
10,93,4,508,12209,DDP MIRACLE GLOSS,1
10,93,4,561,12210,DDP MKS BRONZING POWDER,1
10,93,4,540,12211,DDP MKS EYE PRIMER,1
10,93,4,540,12212,DDP MKS FACE PERFECTOR PRIMER,1
10,93,4,561,12213,DDP MKS HIGH COVERAGE CONCEALER,1
10,93,4,561,12214,DDP MKS INK LIP STAIN,1
10,93,4,561,12215,DDP MKS LONG LASTING FOUNDATION,1
10,93,4,561,12216,DDP MKS MATT EYESHADOW,1
10,93,4,561,12217,DDP MKS RADIANCE BOOSTER,1
10,93,4,561,12218,DDP MKS RADIANCE FACE&BODY,1
10,93,4,561,12219,DDP MKS STAY ON ME EYELINER,1
10,93,4,561,12220,DDP MKS STAY ON ME LIPLINER,1
10,93,4,513,12221,DDP MOGANO LIP PENCIL,1
10,93,4,504,12222,DDP MONO EYESHADOW,1
10,93,4,509,12223,DDP MORE & MORE BLUSH,1
10,93,4,529,12224,DDP MULTI ACTIVE,1
10,93,4,536,12225,DDP MULTI ACTIVE,1
10,93,4,513,12226,DDP MULTICOLOR BLUSH,1
10,93,4,504,12227,DDP MY FAVOURITE NAILS,1
10,93,4,519,12228,DDP MY TOY BOY,1
10,93,4,563,12229,DDP NAIL BASE,1
10,93,4,563,12230,DDP NAIL POLISH,1
10,93,4,527,12231,DDP NAIL POLISH,1
10,93,4,532,12232,DDP NAIL POLISH,1
10,93,4,500,12233,DDP NAKED LIP PENCIL,1
10,93,4,520,12234,DDP NAKED SYMPHONY,1
10,93,4,503,12235,DDP NATURAL SILKY POWDER,1
10,93,4,512,12236,DDP NEL BLU DIPINTO DI BLU,1
10,93,4,539,12237,DDP NUDA EYESHADOW PALETTE,1
10,93,4,500,12238,DDP NUDE CREAM EYESHADOW,1
10,93,4,539,12239,DDP NUDE DUDE,1
10,93,4,533,12240,DDP NUDE JEWEL LIPSTICK,1
10,93,4,519,12241,DDP NUDE LIPS,1
10,93,4,558,12242,DDP NUDISSIMO LIPSTICK,1
10,93,4,553,12243,DDP NUDISSIMO SOFT GLOW FOUNDATION,1
10,93,4,553,12244,DDP NUDISSIMO SOFT MATT FOUNDATION,1
10,93,4,536,12245,DDP OH MY LIFT,1
10,93,4,510,12246,DDP OPTICAL WHITE EYE PENCIL,1
10,93,4,536,12247,DDP O'SOLEMIO,1
10,93,4,534,12248,DDP PALETTE REFILL,1
10,93,4,505,12249,DDP PATTERN UNIVERSAL FACE,1
10,93,4,505,12250,DDP PATTERN WARM BLUSH,1
10,93,4,511,12251,DDP PEACH LIP BALM,1
10,93,4,504,12252,DDP PEARL & PERFUME POWDER,1
10,93,4,534,12253,DDP PEARLY EYESHADOW,1
10,93,4,508,12254,DDP PEARLY LIPSTICK,1
10,93,4,503,12255,DDP PENCIL EYE SHADOW,1
10,93,4,544,12256,DDP PENCIL SHARPENER,1
10,93,4,509,12257,DDP PERFECT NAILS,1
10,93,4,539,12258,DDP PERMANENT BEAUTY KIT,1
10,93,4,536,12259,DDP PETAL GLOW,1
10,93,4,530,12260,DDP PINK NUDE LIPSTICK,1
10,93,4,509,12261,DDP POP DUO EYESHADOW,1
10,93,4,499,12262,DDP POWDER BLUSH,1
10,93,4,541,12263,DDP POWDER BLUSH,1
10,93,4,540,12264,DDP PRE-MAKE TENSOR VIALS,1
10,93,4,540,12265,DDP PREP&FIX GLOW MIST,1
10,93,4,556,12266,DDP PROFESSIONAL CREAM EYELINER,1
10,93,4,529,12267,DDP PROTECTIVE SANITIZING,1
10,93,4,511,12268,DDP PURPLE VOLUME MASCARA,1
10,93,4,531,12269,DDP QUILTED,1
10,93,4,510,12270,DDP RADIANCE CHUBBY ALL OVER,1
10,93,4,509,12271,DDP RAINBOW MASCARA,1
10,93,4,510,12272,DDP RASPBERRY NAIL POLISH,1
10,93,4,538,12273,DDP RASSODA FIRMING,1
10,93,4,508,12274,DDP RAY OF LIGHT,1
10,93,4,511,12275,DDP RED BERRIES NAIL POLISH,1
10,93,4,539,12276,DDP RED CARPET,1
10,93,4,519,12277,DDP RED LIPS,1
10,93,4,505,12278,DDP RETRO LIPSTICK,1
10,93,4,564,12279,DDP RICE POWDER,1
10,93,4,510,12280,DDP ROSEMARY EYESHADOW,1
10,93,4,558,12281,DDP ROSSOROSSETTO LIPSTICK,1
10,93,4,500,12282,DDP ROYAL PALACE NAIL POLISH,1
10,93,4,539,12283,DDP RUBIN RED LIPS,1
10,93,4,529,12284,DDP SANITIZING HAND GEL,1
10,93,4,516,12285,DDP SATIN LIPSTICK,1
10,93,4,539,12286,DDP SCARLET RED LIPS,1
10,93,4,520,12287,DDP SCULPT & CONTOUR ,1
10,93,4,539,12288,DDP SECRET BEAUTY BOOK,1
10,93,4,562,12289,DDP SEMIPERMANENT MASCARA,1
10,93,4,500,12290,DDP SEMITRANS SHINY LIPSTICK,1
10,93,4,501,12291,DDP SENSUAI GLOSS,1
10,93,4,511,12292,DDP SHADE OF PURPLE EYESHADOW,1
10,93,4,506,12293,DDP SHINY LIP STAIN GLOSS,1
10,93,4,509,12294,DDP SHINY LIP STYLO,1
10,93,4,514,12295,DDP SHINY LIPSTICK,1
10,93,4,509,12296,DDP SHINY LIPSTICK,1
10,93,4,531,12297,DDP SILVER EYE LINER,1
10,93,4,535,12298,DDP SKIN CARE FACE,1
10,93,4,511,12299,DDP SKIN COLOR PENCIL,1
10,93,4,563,12300,DDP SMOOTHING BASE,1
10,93,4,538,12301,DDP SNELLISCE SCULPTING MUD,1
10,93,4,508,12302,DDP SORBET LIPSTICK,1
10,93,4,508,12303,DDP SORBET NAIL,1
10,93,4,542,12304,DDP SPECIAL BRONZING POWDER,1
10,93,4,510,12305,DDP SPRINGTIME LIPSTICK,1
10,93,4,510,12306,DDP STARDUST EYELINER,1
10,93,4,530,12307,DDP STARDUST NAIL POLISH,1
10,93,4,505,12308,DDP STAY ON ME,1
10,93,4,512,12309,DDP SUBLIMAMI BRONZER,1
10,93,4,537,12310,DDP SUMMER COLLECTION 2021,1
10,93,4,514,12311,DDP SUN FLOWERS DUO EYESHADOW,1
10,93,4,514,12312,DDP SUNFLOWERS NAIL POLISH,1
10,93,4,508,12313,DDP SUNSHINE EYESHADOW,1
10,93,4,520,12314,DDP SYMPHONY OF BEIGE,1
10,93,4,521,12315,DDP TAN ENHANCER,1
10,93,4,500,12316,DDP TAUPE CREAM EYESHADOW,1
10,93,4,536,12317,DDP THE BOOSTERS,1
10,93,4,555,12318,DDP THE ELISIR,1
10,93,4,558,12319,DDP THE LIPSTICK,1
10,93,4,519,12320,DDP TIME CONTROL ANTI AGE,1
10,93,4,536,12321,DDP TIME CONTROL ANTI AGE,1
10,93,4,506,12322,DDP TIMELESS EYE STYLO,1
10,93,4,506,12323,DDP TIMELESS GLOSS,1
10,93,4,506,12324,DDP TIMELESS NAIL POLISH,1
10,93,4,510,12325,DDP TINGILABBRA LIPSTICK,1
10,93,4,511,12326,DDP TOFFEE ROSE BLUSH,1
10,93,4,509,12327,DDP TOO MUCH BLACK STICK EYESHADOW,1
10,93,4,564,12328,DDP TRANSPARENT POWDER,1
10,93,4,509,12329,DDP TRES CHIC EYELINER,1
10,93,4,532,12330,DDP TRIO SKIN PERFECTOR,1
10,93,4,509,12331,DDP TRUE LIPSTICK,1
10,93,4,518,12332,DDP TURN ON THE BLUSH,1
10,93,4,518,12333,DDP TWIST & GLOW ,1
10,93,4,513,12334,DDP UNIVERSAL EYEBROW MARKER,1
10,93,4,499,12335,DDP UNIVERSAL NAKED POWDER,1
10,93,4,529,12336,DDP UNIVERSAL SANITIZING,1
10,93,4,513,12337,DDP URBAN JUNGLE DUO EYESHADOW,1
10,93,4,531,12338,DDP URBAN PINK EYESHADOW,1
10,93,4,504,12339,DDP VELVET CONCEALER,1
10,93,4,515,12340,DDP VELVET EYE STICK,1
10,93,4,518,12341,DDP VENICE BEACH,1
10,93,4,509,12342,DDP VERY PINK EYESHADOW,1
10,93,4,519,12343,DDP VITAMINA C,1
10,93,4,536,12344,DDP VITAMINA C,1
10,93,4,499,12345,DDP WARM SCULPTING POWDER,1
10,93,4,505,12346,DDP WARM TONE,1
10,93,4,513,12347,DDP WATER RESISTANT EYE PENCIL,1
10,93,4,520,12348,DDP WATER RESISTANT EYE PENCIL,1
10,93,4,509,12349,DDP WATER RESISTANT EYEBROW PENCIL,1
10,93,4,511,12350,DDP WATER RESISTANT EYELINER,1
10,93,4,514,12351,DDP WATER RESISTANT EYELINER,1
10,93,4,510,12352,DDP WATER RESISTANT KAJAL,1
10,93,4,547,12353,DDP WATER RESISTANT KAJAL,1
10,93,4,514,12354,DDP WATER RESISTANT LIP PENCIL,1
10,93,4,509,12355,DDP WATER RESISTANT LIP PENCIL,1
10,93,4,508,12356,DDP WATERPROOF EYE PENCIL,1
10,93,4,554,12357,DDPILLUMINATING FOUNDATION,1
10,93,4,499,12358,DDP-MAKEUP STUDIO MATT EYE SHADOW,1
10,92,4,568,12359,DIANE VON FURSTENBERG,1
10,98,4,569,12360,DISNEY ANNA WAGON SET,1
10,98,4,569,12361,DISNEY ARIEL CASTLE TIN SET,1
10,98,4,569,12362,DISNEY AURORA CASTLE SERIES,1
10,98,4,569,12363,DISNEY AURORA CASTLE TIN SET,1
10,98,4,569,12364,DISNEY BELLE CASTLE SERIES,1
10,98,4,569,12365,DISNEY BELLE CASTLE TIN SET,1
10,98,4,569,12366,DISNEY CAPTAIN AMERICA,1
10,98,4,569,12367,DISNEY CAPTAIN AMERICA GIFT SET,1
10,98,4,569,12368,DISNEY CAPTAIN AMERICA WAGON,1
10,98,4,569,12369,DISNEY CINDERELLA,1
10,98,4,569,12370,DISNEY CINDERELLA CASTLE,1
10,98,4,569,12371,DISNEY CINDERELLA CASTLE SERIES,1
10,98,4,569,12372,DISNEY CINDERELLA SET,1
10,98,4,569,12373,DISNEY CINDERELLA WAGON SET,1
10,98,4,569,12374,DISNEY ELSA WAGON SET,1
10,98,4,569,12375,DISNEY FROZEN ANNA CASTLE,1
10,98,4,569,12376,DISNEY FROZEN ANNA TIN SET,1
10,98,4,569,12377,DISNEY FROZEN ELSA CASTLE,1
10,98,4,569,12378,DISNEY FROZEN ELSA TIN SET,1
10,98,4,569,12379,DISNEY IRON MAN,1
10,98,4,569,12380,DISNEY IRON MAN GIFT SET,1
10,98,4,569,12381,DISNEY IRON MAN SET,1
10,98,4,569,12382,DISNEY MICKEY MOUSE LOCO TRAIN,1
10,98,4,569,12383,DISNEY MICKEY MOUSE TIN SET,1
10,98,4,569,12384,DISNEY MINNIE MOUSE,1
10,98,4,569,12385,DISNEY MINNIE WAGON,1
10,98,4,569,12386,DISNEY RAPUNZEL CASTLE SERIES,1
10,98,4,569,12387,DISNEY RAPUNZEL CASTLE TIN SET,1
10,98,4,569,12388,DISNEY RAPUNZEL WAGON SET,1
10,98,4,569,12389,DISNEY SNOW WHITE CASTLE SERIES,1
10,98,4,569,12390,DISNEY SNOW WHITE CASTLE TIN SET,1
10,98,4,569,12391,DISNEY SOFIA THE FIRST TIN SET,1
10,98,4,569,12392,DISNEY SPIDER MAN,1
10,98,4,569,12393,DISNEY SPIDER MAN GIFT SET,1
10,98,4,569,12394,DISNEY STAR WARS DARTH VADER,1
10,98,4,569,12395,DISNEY STAR WARS R2D2 ASTROMECH DROID,1
10,98,4,569,12396,DISNEY STAR WARS R2D2 TIN SET,1
10,98,4,569,12397,DISNEY STAR WARS STORM TROOPER,1
10,98,4,569,12398,DISNEY STAR WARS THE DARK SIDE,1
10,98,4,569,12399,DISNEY WINNIE THE POOH,1
10,101,4,570,12400,DSQUARD POTION WOMEN,1
10,101,4,570,12401,DSQUARED POTION ROYAL BLACK,1
10,106,4,571,12402,E.MARINELLA CAPODIMONTE,1
10,106,4,571,12403,E.MARINELLA NAPOLI,1
10,106,4,571,12404,E.MARINELLA POSILLIPO,1
10,106,4,571,12405,E.MARINELLA SETA,1
10,427,4,677,12406,EAU DE PARFUM,1
10,107,4,572,12407,ED HARDY VILLAIN WOMEN,1
10,108,4,573,12408,EDDY MONETTI ASSIA,1
10,108,4,574,12409,EDDY MONETTI CARUSO DONNE,1
10,108,4,574,12410,EDDY MONETTI CARUSO UOMO,1
10,108,4,575,12411,EDDY MONETTI HOMME,1
10,108,4,576,12412,EDDY MONETTI INSOLENTE,1
10,108,4,577,12413,EDDY MONETTI ROSELLA,1
10,111,4,581,12414,ELIE SAAB CUIR ABSOLU SUBLIMATEUR,1
10,111,4,581,12415,ELIE SAAB CUIR BOURBON,1
10,111,4,581,12416,ELIE SAAB CUIR PATCHOULI,1
10,111,4,581,12417,ELIE SAAB CUIR YLANG,1
10,111,4,581,12418,ELIE SAAB ESSENCE NO.1 ROSE CANDLE,1
10,111,4,581,12419,ELIE SAAB ESSENCE NO.10 AMANDE TONKA,1
10,111,4,581,12420,ELIE SAAB ESSENCE NO.2 GARDENIA,1
10,111,4,581,12421,ELIE SAAB ESSENCE NO.3 AMBRE CANDLE,1
10,111,4,581,12422,ELIE SAAB ESSENCE NO.4 OUD,1
10,111,4,581,12423,ELIE SAAB ESSENCE NO.6 VETIVER,1
10,111,4,581,12424,ELIE SAAB ESSENCE NO.7 NEROLI,1
10,111,4,581,12425,ELIE SAAB ESSENCE NO.8 SANTAL,1
10,111,4,581,12426,ELIE SAAB ESSENCE NO.9 TUBEREUSE,1
10,111,4,579,12427,ELIE SAAB FOREVER,1
10,111,4,580,12428,ELIE SAAB GIRL OF NOW,1
10,111,4,580,12429,ELIE SAAB GIRL OF NOW SHINE,1
10,111,4,582,12430,ELIE SAAB LE PARFUM ESSENTIEL,1
10,111,4,582,12431,ELIE SAAB LE PARFUM L'EAU COUTURE,1
10,111,4,582,12432,ELIE SAAB LE PARFUM ROYAL,1
10,111,4,582,12433,ELIE SAAB LE PARFUM WOMEN,1
10,111,4,578,12434,ELIE SAAB NUIT NOOR,1
10,427,4,677,12435,ELOGE DU VERT,1
10,115,4,583,12436,ENGLISH LAUNDRY ARROGANT,1
10,115,4,583,12437,ENGLISH LAUNDRY CAMBRIDGE KNIGHT,1
10,115,4,584,12438,ENGLISH LAUNDRY NO. 7 FOR HER,1
10,115,4,585,12439,ENGLISH LAUNDRY NOTTING HILL FEMME,1
10,115,4,585,12440,ENGLISH LAUNDRY NOTTING HILL MEN,1
10,115,4,586,12441,ENGLISH LAUNDRY OXFORD BLEU,1
10,115,4,586,12442,ENGLISH LAUNDRY OXFORD BLEU WOMEN,1
10,115,4,587,12443,ENGLISH LAUNDRY SIGNATURE MEN,1
10,115,4,587,12444,ENGLISH LAUNDRY SIGNATURE WOMEN,1
10,115,4,588,12445,ENGLISH LAUNDRY TAHITIAN WATERS,1
10,115,4,583,12446,ENGLISH LAUNDRY WINDSOR,1
10,116,4,589,12447,ENRICO COVERI FEMME,1
10,347,4,967,12448,ENSIS V CANTO EXTRAIT DE PARFUM,1
10,120,4,591,12449,ESCADA FOR MEN,1
10,120,4,591,12450,ESCADA SENTIMENT,1
10,418,4,592,12451,ESPRIT CELEBRATION FOR HIM,1
10,418,4,593,12452,ESPRIT COLLECTION MEN,1
10,418,4,593,12453,ESPRIT COLLECTION WOMEN,1
10,418,4,594,12454,ESPRIT CONNECT FOR HIM,1
10,418,4,595,12455,ESPRIT IMAGINE MEN,1
10,418,4,596,12456,ESPRIT LIFE MEN,1
10,123,4,597,12457,EVA LONGORIA,1
10,123,4,597,12458,EVA LONGORIA EVAMOUR,1
10,128,4,598,12459,FEARUD MATADOR,1
10,128,4,598,12460,FERAUD AMARANTE,1
10,128,4,598,12461,FERAUD SOLEIL DE JADE,1
10,128,4,598,12462,FERAUD TOUT A VOUS,1
10,132,4,599,12463,FIFTY CENTS POWER,1
10,347,4,967,12464,FILI V CANTO EXTRAIT DE PARFUM,1
10,200,4,600,12465,FLOWER BY KENZO,1
10,200,4,600,12466,FLOWER BY KENZO TAG,1
10,200,4,600,12467,FLOWER IN THE AIR,1
10,135,4,601,12468,FORD MUSTANG,1
10,135,4,601,12469,FORD MUSTANG PERFORMANCE,1
10,135,4,601,12470,FORD MUSTANG POUR HOMME,1
10,135,4,602,12471,FORD MUSTANG SPORT POUR HOMME,1
10,136,4,603,12472,FRANCK BOCLET ABSINTHE,1
10,136,4,603,12473,FRANCK BOCLET AMBER,1
10,136,4,604,12474,FRANCK BOCLET ANGIE,1
10,136,4,604,12475,FRANCK BOCLET ASHES,1
10,136,4,603,12476,FRANCK BOCLET CASHMERE,1
10,136,4,603,12477,FRANCK BOCLET CEDRE,1
10,136,4,603,12478,FRANCK BOCLET CHYPRE,1
10,136,4,604,12479,FRANCK BOCLET COCAINE,1
10,136,4,604,12480,FRANCK BOCLET CRIME,1
10,136,4,604,12481,FRANCK BOCLET EROTIC,1
10,136,4,603,12482,FRANCK BOCLET FIR BALSAM,1
10,136,4,603,12483,FRANCK BOCLET FLOWERS,1
10,136,4,603,12484,FRANCK BOCLET GERANIUM,1
10,136,4,603,12485,FRANCK BOCLET HELIOTROPE,1
10,136,4,604,12486,FRANCK BOCLET HEROES,1
10,136,4,604,12487,FRANCK BOCLET ICON,1
10,136,4,603,12488,FRANCK BOCLET INCENSE,1
10,136,4,603,12489,FRANCK BOCLET JASMINE,1
10,136,4,603,12490,FRANCK BOCLET LAVENDER,1
10,136,4,603,12491,FRANCK BOCLET LEATHER,1
10,136,4,603,12492,FRANCK BOCLET MUSC,1
10,136,4,603,12493,FRANCK BOCLET OUD,1
10,136,4,603,12494,FRANCK BOCLET OZONE,1
10,136,4,603,12495,FRANCK BOCLET PATCHOULI,1
10,136,4,604,12496,FRANCK BOCLET REBEL,1
10,136,4,604,12497,FRANCK BOCLET SUGAR,1
10,136,4,603,12498,FRANCK BOCLET TOBACCO,1
10,136,4,603,12499,FRANCK BOCLET TONKA,1
10,136,4,603,12500,FRANCK BOCLET VETIVER,1
10,136,4,603,12501,FRANCK BOCLET VIOLET,1
10,136,4,603,12502,FRANCK BOCLET YLANG YLANG,1
10,420,4,605,12503,G BY GIORGIO FOR WOMEN,1
10,419,4,606,12504,GAS BIJOUX ENSOLEILLE,1
10,419,4,606,12505,GAS BIJOUX SABLE DE AMBER,1
10,419,4,606,12506,GAS BIJOUX SEA MIMOSA,1
10,419,4,606,12507,GAS BIJOUX SUMMER,1
10,93,4,559,12508,GEISHA MATT LIQUID LIPSTICK,1
10,421,4,607,12509,GRES LUMIERE ROSE,1
10,421,4,607,12510,GRES PIECE UNIQUE,1
10,152,4,608,12511,GREY FLANNEL SPLASH,1
10,292,4,805,12512,HOME SPA SCENTED WATER,1
10,163,4,609,12513,HORSEBALL AOUD,1
10,163,4,609,12514,HORSEBALL BLUE LEATHER,1
10,163,4,609,12515,HORSEBALL CLASSIC,1
10,163,4,609,12516,HORSEBALL EXTREME,1
10,163,4,609,12517,HORSEBALL HER ORCHID,1
10,163,4,609,12518,HORSEBALL IRIS,1
10,163,4,609,12519,HORSEBALL LILY,1
10,163,4,609,12520,HORSEBALL ORCHID,1
10,163,4,609,12521,HORSEBALL PEONY,1
10,163,4,609,12522,HORSEBALL PURE VERSION,1
10,163,4,609,12523,HORSEBALL ROSE,1
10,292,4,818,12524,I'M UNIQUE ULTIMATE MATT LIPSTICK,1
10,169,4,610,12525,INITIO ABSOLUTE APHRODISIAC,1
10,169,4,610,12526,INITIO ADDICTIVE,1
10,169,4,610,12527,INITIO DIVINE ATTRACTION,1
10,169,4,610,12528,INITIO MAGNETIC BLEND,1
10,169,4,610,12529,INTIO MYSTIC EXPERIENCE,1
10,347,4,967,12530,IRAE V CANTO EXTRAIT DE PARFUM,1
10,422,4,615,12531,IROHA NATURE 100% COTTON FACE MASK,1
10,422,4,612,12532,IROHA NATURE BEAUTY TIME CREAMY MASKS,1
10,422,4,613,12533,IROHA NATURE-DETOX LINE,1
10,422,4,614,12534,IROHA NATURE-EYE PADS,1
10,422,4,611,12535,IROHA NATURE-GLOVES,1
10,422,4,611,12536,IROHA NATURE-HAIR MASK,1
10,422,4,611,12537,IROHA NATURE-SOCKS,1
10,422,4,615,12538,IROHA NATURE-TISSUE FACE MASK,1
10,423,4,616,12539,ISABELLA ROSSELINI DARING,1
10,347,4,967,12540,ISOTTA V CANTO EXTRAIT DE PARFUM,1
10,170,4,617,12541,ISSEY MIYAKE L'EAU D'ISSEY,1
10,170,4,617,12542,ISSEY MIYAKE L'EAU D'ISSEY IGO,1
10,170,4,618,12543,ISSEY MIYAKE L'EAU D'ISSEY IGO POUR HOMME,1
10,170,4,618,12544,ISSEY MIYAKE L'EAU D'ISSEY NEW FUSHION POUR HOMME,1
10,170,4,618,12545,ISSEY MIYAKE L'EAU D'ISSEY POUR HOMME,1
10,170,4,618,12546,ISSEY MIYAKE L'EAU D'ISSEY POUR HOMME INTENSE,1
10,170,4,618,12547,ISSEY MIYAKE L'EAU D'ISSEY POUR HOMME OR ENCENS,1
10,170,4,617,12548,ISSEY MIYAKE L'EAU D'ISSEY PURE,1
10,170,4,617,12549,ISSEY MIYAKE L'EAU D'ISSEY PURE 18 NECTAR,1
10,170,4,617,12550,ISSEY MIYAKE L'EAU D'ISSEY PURE NECTAR IGO,1
10,170,4,617,12551,ISSEY MIYAKE L'EAU D'ISSEY ROSE&ROSE,1
10,170,4,617,12552,ISSEY MIYAKE L'EAU D'ISSEY SHADES OF KOLAM,1
10,170,4,618,12553,ISSEY MIYAKE L'EAU D'ISSEY SHADES OF KOLAM POUR HOMME,1
10,170,4,618,12554,ISSEY MIYAKE L'EAU D'ISSEY WOOD&WOOD POUR HOMME,1
10,170,4,618,12555,ISSEY MIYAKE L'EAU MAJEURE D'ISSEY,1
10,170,4,618,12556,ISSEY MIYAKE L'EAU SUPER MAJEURE D'ISSEY,1
10,170,4,619,12557,ISSEY MIYAKE NUIT D'ISSEY,1
10,170,4,619,12558,ISSEY MIYAKE NUIT D'ISSEY BLEU ASTRAL,1
10,170,4,619,12559,ISSEY MIYAKE NUIT D'ISSEY NOIR ARGENT,1
10,170,4,619,12560,ISSEY MIYAKE NUIT D'ISSEY POLARIS,1
10,170,4,619,12561,ISSEY MIYAKE NUIT D'ISSEY POUR HOMME,1
10,170,4,619,12562,ISSEY MIYAKE NUIT D'ISSEY PULSE OF THE NIGHT,1
10,424,4,620,12563,JEAN COUTURIER MARJOLAINE,1
10,424,4,620,12564,JEAN COUTURIER PARIS BAROQUE,1
10,424,4,620,12565,JEAN COUTURIER UN JARDIN A PARIS,1
10,178,4,621,12566,JEAN PATOU ENJOY,1
10,178,4,621,12567,JEAN PATOU SIRA DES INDES,1
10,181,4,623,12568,JENNIFER ANISTON,1
10,182,4,624,12569,JENNIFER LOPEZ MY GLOW,1
10,183,4,626,12570,JESSICA SIMPSON VINTAGE BLOOM,1
10,179,4,622,12571,JPG - GAULTIER 2,1
10,179,4,622,12572,JPG - GAULTIER 2 EAU D'AMOUR,1
10,179,4,622,12573,JPG - GAULTIER CLASSIQUE,1
10,179,4,622,12574,JPG - KOKORICO,1
10,179,4,622,12575,JPG - LE MALE,1
10,191,4,627,12576,JUDITH LEIBER,1
10,191,4,628,12577,JUDITH LEIBER AMETHYST,1
10,191,4,629,12578,JUDITH LEIBER CORAL,1
10,191,4,627,12579,JUDITH LEIBER MINAUDIERE,1
10,191,4,627,12580,JUDITH LEIBER NIGHT,1
10,191,4,630,12581,JUDITH LEIBER TOPAZ,1
10,222,4,631,12582,JUICY COUTURE,1
10,193,4,632,12583,JUICY COUTURE PEACE OF LOVE,1
10,194,4,633,12584,JULIETTE HAS A GUN MAD MADAME,1
10,194,4,633,12585,JULIETTE HAS A GUN VENGEANCE EXTREME,1
10,195,4,634,12586,JUNGLE MAGIC CRAZY CRAWLLY,1
10,195,4,634,12587,JUNGLE MAGIC CUTIE DUCKKY,1
10,197,4,635,12588,JUVENTUS MAN,1
10,197,4,636,12589,JUVENTUS WOMAN,1
10,347,4,967,12590,KASHIMIRE V CANTO EXTRAIT DE PARFUM,1
10,426,4,637,12591,KATE MOSS VELVET HOUR,1
10,200,4,638,12592,KENZO COULEUR,1
10,200,4,639,12593,KENZO HOMME - NIGHT,1
10,200,4,640,12594,KENZO HOMME SPORT,1
10,200,4,640,12595,KENZO HOMME SPORT EXTREME,1
10,200,4,641,12596,KENZO JUNGLE L'ELEPHANT,1
10,200,4,642,12597,KENZO LE MONDE EST BEAU,1
10,200,4,643,12598,KENZO PARFUM D'ETE,1
10,200,4,644,12599,KENZO POUR HOMME,1
10,202,4,645,12600,KIM KARDASHIAN,1
10,202,4,646,12601,KIM KARDASHIAN-FLEUR FATALE,1
10,202,4,647,12602,KIM KARDASHIAN-SIGNATURE,1
10,202,4,648,12603,KIM KARDASHIAN-TRUE REFLECTION,1
10,207,4,649,12604,KUNG FU PANDA LORD,1
10,207,4,649,12605,KUNG FU PANDA LORD SHEN,1
10,207,4,649,12606,KUNG FU PANDA VIPER,1
10,212,4,695,12607,LA LIVING LALIQUE,1
10,427,4,650,12608,LA ROSE DE ROSINE,1
10,210,4,651,12609,LACOSTE ELEGANCE,1
10,210,4,652,12610,LACOSTE ESSENTIAL,1
10,210,4,653,12611,LACOSTE POUR HOMME,1
10,210,4,654,12612,LACOSTE RED,1
10,212,4,655,12613,LALIQUE AMETHYST,1
10,212,4,655,12614,LALIQUE AMETHYST ECLAT,1
10,212,4,655,12615,LALIQUE AMETHYST EXQUISE,1
10,212,4,656,12616,LALIQUE AZALEE,1
10,212,4,657,12617,LALIQUE DE LALIQUE,1
10,212,4,658,12618,LALIQUE ENCRE NOIR POUR ELLE,1
10,212,4,658,12619,LALIQUE ENCRE NOIRE,1
10,212,4,659,12620,LALIQUE FLEUR DE CRISTAL,1
10,212,4,660,12621,LALIQUE L'AMOUR,1
10,212,4,661,12622,LALIQUE LE PARFUM,1
10,212,4,662,12623,LALIQUE LES COMP PARFUMEES BLUE RISE,1
10,212,4,662,12624,LALIQUE LES COMP PARFUMEES CHYPRE SILVER,1
10,212,4,662,12625,LALIQUE LES COMP PARFUMEES ELECTRIC PURPLE,1
10,212,4,662,12626,LALIQUE LES COMP PARFUMEES FLORAL BRONZE,1
10,212,4,662,12627,LALIQUE LES COMP PARFUMEES GLORIOUS INDIGO,1
10,212,4,662,12628,LALIQUE LES COMP PARFUMEES IMPERIAL GREEN,1
10,212,4,662,12629,LALIQUE LES COMP PARFUMEES INIFINTE SHINE,1
10,212,4,662,12630,LALIQUE LES COMP PARFUMEES LEATHER COPPER,1
10,212,4,662,12631,LALIQUE LES COMP PARFUMEES ORIENTAL ZINC,1
10,212,4,662,12632,LALIQUE LES COMP PARFUMEES PINK PARADISE,1
10,212,4,662,12633,LALIQUE LES COMP PARFUMEES SPICY ELECTRUM,1
10,212,4,662,12634,LALIQUE LES COMP PARFUMEES SWEET AMBER,1
10,212,4,662,12635,LALIQUE LES COMP PARFUMEES VELVET PLUM,1
10,212,4,662,12636,LALIQUE LES COMP PARFUMEES WOODY GOLD,1
10,212,4,663,12637,LALIQUE L'INSOUMIS,1
10,212,4,663,12638,LALIQUE L'INSOUMIS ,1
10,212,4,663,12639,LALIQUE L'INSOUMIS MA FORCE,1
10,212,4,664,12640,LALIQUE MON PREMIER CRYSTAL LUMIERE,1
10,212,4,664,12641,LALIQUE MON PREMIER CRYSTAL SENSUEL,1
10,212,4,664,12642,LALIQUE MON PREMIER CRYSTAL TENDRE,1
10,212,4,665,12643,LALIQUE NOIR PREMIER ELEGANCE ANIMALE,1
10,212,4,665,12644,LALIQUE NOIR PREMIER FLEUR UNIVERSELLE,1
10,212,4,665,12645,LALIQUE NOIR PREMIER FRUITS DU MOUVEMENT,1
10,212,4,665,12646,LALIQUE NOIR PREMIER ILLUSION CAPTIVE,1
10,212,4,665,12647,LALIQUE NOIR PREMIER OR INTEMPOREL,1
10,212,4,665,12648,LALIQUE NOIR PREMIER PLUME BLANCHE,1
10,212,4,665,12649,LALIQUE NOIR PREMIER ROSE ROYALE,1
10,212,4,665,12650,LALIQUE NOIR PREMIER TERES AROMATIQUES,1
10,212,4,747,12651,LALIQUE PERLES DE LALIQUE,1
10,212,4,666,12652,LALIQUE POUR HOMME LION,1
10,212,4,667,12653,LALIQUE REVE D'INFINI,1
10,212,4,668,12654,LALIQUE SATINE,1
10,212,4,669,12655,LALIQUE WHITE,1
10,427,4,670,12656,LE MUGUET DE ROSINE,1
10,170,4,617,12657,L'EAU D'ISSEY PLEATS PLEASE WOMEN,1
10,200,4,671,12658,L'EAU PAR KENZO,1
10,200,4,672,12659,L'EAU PAR KENZO HOMME R/L,1
10,200,4,671,12660,L'EAU PAR KENZO POUR HOMME,1
10,220,4,673,12661,LEONARD BALAHE,1
10,220,4,673,12662,LEONARD CUIR AMBRE,1
10,220,4,673,12663,LEONARD EAU DE BALAHE,1
10,220,4,673,12664,LEONARD EAU FABULEUSE,1
10,220,4,673,12665,LEONARD EAU FRAICHE,1
10,427,4,675,12666,LES ECUME DE ROSE,1
10,427,4,676,12667,LES GLAM ROSE,1
10,427,4,679,12668,LES LOTUS ROSE,1
10,427,4,680,12669,LES MAJALES,1
10,427,4,678,12670,LES ROSE DE ROSINE,1
10,427,4,682,12671,LES ROSE DE ROSINE AMOUR,1
10,427,4,683,12672,LES ROSE DES NEIGES,1
10,427,4,685,12673,LES ROSE D'HOME,1
10,427,4,686,12674,LES ROSE KASHMIRIE,1
10,421,4,693,12675,LES SIGNES,1
10,427,4,691,12676,LES UNE FOLIE DE ROSE,1
10,427,4,692,12677,LES VIVE LA MARIE,1
10,292,4,828,12678,LIP PERFECTION CRYSTAL,1
10,292,4,828,12679,LIP PERFECTION NATURAL SHINE,1
10,292,4,828,12680,LIP PERFECTION SPLENDOR,1
10,428,4,694,12681,LITTLE MARCEL LITTLE SKY,1
10,428,4,694,12682,LITTLE MARCEL PEACE AND SUN,1
10,428,4,694,12683,LITTLE MARCEL PURPLE LOVE,1
10,222,4,696,12684,LIZ CLAIBORNE REALITIES MEN,1
10,222,4,697,12685,LIZ CLAIBORNE SOUL FOR MEN,1
10,222,4,698,12686,LIZ CLAIBORNE SPARK FOR WOMEN,1
10,225,4,699,12687,LOR BLANC,1
10,226,4,700,12688,LOTTO ELEMENTS AIR,1
10,226,4,700,12689,LOTTO ELEMENTS EARTH,1
10,226,4,700,12690,LOTTO ELEMENTS FIRE,1
10,226,4,700,12691,LOTTO ELEMENTS WATER,1
10,226,4,701,12692,LOTTO GRAVITY POWER FOR MAN,1
10,226,4,701,12693,LOTTO GRAVITY POWER FOR WOMAN,1
10,226,4,702,12694,LOTTO MAN,1
10,226,4,702,12695,LOTTO MAN AFTER SHAVE,1
10,226,4,702,12696,LOTTO MAN DEODRANT SPRAY,1
10,226,4,702,12697,LOTTO MAN ENERGIZING TONIC,1
10,226,4,702,12698,LOTTO MAN SHOWER GEL,1
10,226,4,703,12699,LOTTO WOMAN,1
10,347,4,967,12700,LUCRETHIA EXTRAIT DE PARFUM,1
10,429,4,704,12701,LULU GUINNESS POUR FEMME,1
10,292,4,832,12702,MADE TO LAST LIP LINER,1
10,200,4,705,12703,MADLY KENZO,1
10,200,4,705,12704,MADLY KENZO OUD,1
10,200,4,705,12705,MADLY KENZO-COFFRET,1
10,347,4,967,12706,MAGNIFICAT V CANTO EXTRAIT DE PARFUM,1
10,347,4,967,12707,MANDRAGOLA V CANTO EXTRAIT DE PARFUM,1
10,427,4,681,12708,MANGOLINA,1
10,430,4,707,12709,MAP OF THE HEART BLACK HEART V2,1
10,430,4,707,12710,MAP OF THE HEART CLEAR HEART V1,1
10,430,4,707,12711,MAP OF THE HEART GOLD HEART V4,1
10,430,4,707,12712,MAP OF THE HEART PINK HEART V6,1
10,430,4,707,12713,MAP OF THE HEART PURPLE HEART V5,1
10,430,4,707,12714,MAP OF THE HEART RED HEART V3,1
10,430,4,707,12715,MAP OF THE HEART WHITE HEART V7,1
10,347,4,967,12716,MASTIN V CANTO EXTRAIT DE PARFUM,1
10,241,4,708,12717,MAUBOUSSIN AEQUALIS,1
10,241,4,708,12718,MAUBOUSSIN CRISTAL,1
10,241,4,708,12719,MAUBOUSSIN ELIXIR POUR ELLE,1
10,241,4,709,12720,MAUBOUSSIN POUR LUI RANGE,1
10,241,4,708,12721,MAUBOUSSIN PRIVATE CLUB,1
10,241,4,710,12722,MAUBOUSSIN PROMISE ME RANGE,1
10,241,4,708,12723,MAUBOUSSIN SETS,1
10,347,4,967,12724,MEA CULPA V CANTO EXTRAIT DE PARFUM,1
10,244,4,711,12725,MERCEDES BENZ CLUB BLACK,1
10,244,4,711,12726,MERCEDES BENZ CLUB BLACK FOR MEN,1
10,244,4,711,12727,MERCEDES BENZ CLUB FOR MEN,1
10,244,4,712,12728,MERCEDES BENZ FLANKER MAN GREY,1
10,244,4,712,12729,MERCEDES BENZ FLANKER PRIVATE MAN,1
10,244,4,713,12730,MERCEDES BENZ FOR MEN,1
10,244,4,713,12731,MERCEDES BENZ FOR MEN MINIATURE SET,1
10,244,4,713,12732,MERCEDES BENZ FOR MEN TRAVEL COLLECTION,1
10,244,4,714,12733,MERCEDES BENZ INTENSE FOR MEN,1
10,244,4,715,12734,MERCEDES BENZ LE PARFUM FOR MEN,1
10,244,4,716,12735,MERCEDES BENZ MAN,1
10,244,4,716,12736,MERCEDES BENZ MAN DEODRANT STICK,1
10,244,4,716,12737,MERCEDES BENZ MAN INTENSE,1
10,244,4,716,12738,MERCEDES BENZ MAN SHOWER GEL,1
10,244,4,716,12739,MERCEDES BENZ MEN BLUE,1
10,244,4,716,12740,MERCEDES BENZ MEN SILVER,1
10,244,4,717,12741,MERCEDES BENZ SELECT DAY FOR MEN,1
10,244,4,717,12742,MERCEDES BENZ SELECT FOR MEN,1
10,244,4,717,12743,MERCEDES BENZ SELECT NIGHT,1
10,244,4,718,12744,MERCEDES BENZ THE MOVE COFFRET,1
10,244,4,718,12745,MERCEDES BENZ THE MOVE EXPRESS YOURSELF,1
10,244,4,718,12746,MERCEDES BENZ THE MOVE FOR MEN,1
10,244,4,719,12747,MERCEDES BENZ VIP CLUB BLACK LEATHER,1
10,244,4,719,12748,MERCEDES BENZ VIP CLUB FOR MEN,1
10,244,4,720,12749,MERCEDES BENZ WOMAN,1
10,244,4,720,12750,MERCEDES BENZ WOMAN BODY LOTION,1
10,244,4,720,12751,MERCEDES BENZ WOMAN GIFTSET,1
10,244,4,720,12752,MERCEDES BENZ WOMAN POP EDITION,1
10,244,4,720,12753,MERCEDES BENZ WOMAN POP HAIR MIST,1
10,347,4,967,12754,MIRABILE V CANTO EXTRAIT DE PARFUM,1
10,292,4,721,12755,MISS PUPA GLOSS,1
10,292,4,721,12756,MISS PUPA ULTRA BRILLIANT LIPSTICK,1
10,292,4,721,12757,MISS PUPA VELVET MATT,1
10,431,4,722,12758,MISS SIXTY ELIXIR,1
10,432,4,723,12759,MOMENTS 4ME ANTI AGE MASK,1
10,432,4,723,12760,MOMENTS 4ME BRIGHTENING MASK,1
10,432,4,723,12761,MOMENTS 4ME CHARCOAL MASK,1
10,432,4,723,12762,MOMENTS 4ME DE PUFFING MASK,1
10,432,4,723,12763,MOMENTS 4ME LIFTING MASK,1
10,432,4,723,12764,MOMENTS 4ME MOISTURIZING MASK,1
10,432,4,723,12765,MOMENTS 4ME REJUVENATING MASK,1
10,251,4,725,12766,MONTANA PARFUM DE FEMME,1
10,251,4,726,12767,MONTANA PARFUM DE PEAU SUMMER,1
10,251,4,724,12768,MONTANA SUGGESTION,1
10,258,4,727,12769,NARCISO RODRIGUEZ AMBREE,1
10,258,4,728,12770,NARCISO RODRIGUEZ FOR HER,1
10,258,4,728,12771,NARCISO RODRIGUEZ FOR HER AMBER MUSC,1
10,258,4,728,12772,NARCISO RODRIGUEZ FOR HER FLEUR MUSC,1
10,258,4,728,12773,NARCISO RODRIGUEZ FOR HER FLEUR MUSC FLORALE,1
10,258,4,728,12774,NARCISO RODRIGUEZ FOR HER GENEROUS,1
10,258,4,728,12775,NARCISO RODRIGUEZ FOR HER L'ABSOLU,1
10,258,4,728,12776,NARCISO RODRIGUEZ FOR HER MUSC COLLECTION INTENSE,1
10,258,4,728,12777,NARCISO RODRIGUEZ FOR HER NOIR,1
10,258,4,728,12778,NARCISO RODRIGUEZ FOR HER ORIENTAL MUSC,1
10,258,4,728,12779,NARCISO RODRIGUEZ FOR HER OUD MUSC INTENSE,1
10,258,4,728,12780,NARCISO RODRIGUEZ FOR HER PATCHOULI MUSC,1
10,258,4,728,12781,NARCISO RODRIGUEZ FOR HER POUDREE,1
10,258,4,728,12782,NARCISO RODRIGUEZ FOR HER PURE MUSC,1
10,258,4,728,12783,NARCISO RODRIGUEZ FOR HER PURE MUSC ABSOLU,1
10,258,4,728,12784,NARCISO RODRIGUEZ FOR HER ROSE MUSC,1
10,258,4,728,12785,NARCISO RODRIGUEZ FOR HER ROUGE,1
10,258,4,728,12786,NARCISO RODRIGUEZ FOR HER SANTAL MUSC,1
10,258,4,728,12787,NARCISO RODRIGUEZ FOR HER XMAS SET,1
10,258,4,729,12788,NARCISO RODRIGUEZ FOR HIM,1
10,258,4,729,12789,NARCISO RODRIGUEZ FOR HIM BLEU NOIR,1
10,258,4,729,12790,NARCISO RODRIGUEZ FOR HIM BLEU NOIR EXTREME,1
10,258,4,727,12791,NARCISO RODRIGUEZ GENEROUS,1
10,258,4,727,12792,NARCISO RODRIGUEZ POUDREE,1
10,258,4,727,12793,NARCISO RODRIGUEZ ROUGE,1
10,258,4,727,12794,NARCISO RODRIGUEZ SETS,1
10,258,4,727,12795,NARCISO RODRIGUEZ WOMAN,1
10,412,4,730,12796,NEW BOGNER FOR WOMEN,1
10,433,4,731,12797,NIKOS SCULPTURE POUR HOMME,1
10,434,4,732,12798,NOBILE ESTROVERSO,1
10,434,4,732,12799,NOBILE VESPRI ESPERIDATI,1
10,170,4,619,12800,NUIT D'ISSEY MAN,1
10,265,4,733,12801,ONYRICO ENYGMA,1
10,265,4,734,12802,ONYRICO ITINERIS,1
10,265,4,735,12803,ONYRICO MICHELANGELO,1
10,435,4,738,12804,ORLANE BE 21,1
10,436,4,740,12805,OSCAR DE LA RENTA ORIENTAL LACE,1
10,436,4,740,12806,OSCAR DE LA RENTA SARGASSO,1
10,436,4,739,12807,OSCAR DE LA RENTA SOMETHING BLUE,1
10,347,4,967,12808,PANDOLFO V CANTO EXTRAIT DE PARFUM,1
10,437,4,741,12809,PARFUMS PAROUR PRIVATE COLLECTION,1
10,273,4,743,12810,PENGUIN ORIGINAL,1
10,273,4,744,12811,PENGUIN RESERVE,1
10,438,4,745,12812,PEPE JEANS FOR HER,1
10,438,4,745,12813,PEPE JEANS FOR HER SETS,1
10,438,4,746,12814,PEPE JEANS FOR HIM,1
10,438,4,746,12815,PEPE JEANS FOR HIM SETS,1
10,277,4,748,12816,PERRY ELLIS 361 COLLECTION MEN,1
10,277,4,749,12817,PERRY ELLIS AQUA,1
10,277,4,750,12818,PERRY ELLIS SPIRITED,1
10,281,4,751,12819,PIERRE CARDIN POUR FEMME,1
10,439,4,752,12820,PIERRE PRECIEUSE BLACK DIAMOND,1
10,439,4,752,12821,PIERRE PRECIEUSE BLUE DIAMOND,1
10,439,4,752,12822,PIERRE PRECIEUSE PURE DIAMOND,1
10,439,4,752,12823,PIERRE PRECIEUSE RED DIAMOND,1
10,439,4,752,12824,PIERRE PRECIEUSE WHITE DIAMOND,1
10,347,4,967,12825,POSI V CANTO EXTRAIT DE PARFUM,1
10,290,4,753,12826,PREMIERE NOTE AURA TONKA,1
10,290,4,753,12827,PREMIERE NOTE FIGUE BARBARE,1
10,290,4,753,12828,PREMIERE NOTE LUXURY,1
10,290,4,753,12829,PREMIERE NOTE MIMOSA AUSTRAL,1
10,290,4,753,12830,PREMIERE NOTE PERA MALTA,1
10,440,4,754,12831,PRUDENCE COLLECTION IMPERIALE NO.1,1
10,440,4,754,12832,PRUDENCE COLLECTION IMPERIALE NO.2,1
10,440,4,754,12833,PRUDENCE COLLECTION IMPERIALE NO.3,1
10,440,4,754,12834,PRUDENCE COLLECTION IMPERIALE NO.4,1
10,440,4,754,12835,PRUDENCE COLLECTION IMPERIALE NO.5,1
10,440,4,754,12836,PRUDENCE COLLECTION IMPERIALE NO.6,1
10,440,4,755,12837,PRUDENCE PARIS ALEXANDRE,1
10,440,4,755,12838,PRUDENCE PARIS ALEXIS,1
10,440,4,755,12839,PRUDENCE PARIS AUGUSTO,1
10,440,4,755,12840,PRUDENCE PARIS SIRAJ,1
10,347,4,967,12841,PSICHE V CANTO EXTRAIT DE PARFUM,1
10,292,4,756,12842,PUPA 4 EYES EYE SHADOW,1
10,292,4,757,12843,PUPA 4 EYES KIT ROCK POP,1
10,292,4,757,12844,PUPA 4 EYES KIT SMOKY,1
10,292,4,758,12845,PUPA 4SUN BRONZING POWDER,1
10,292,4,759,12846,PUPA 50'S DREAM-S13,1
10,292,4,759,12847,PUPA 50'S DREAM-S17,1
10,292,4,759,12848,PUPA 50'S DREAM-S23,1
10,292,4,760,12849,PUPA ACTIVE LIGHT CONCEALER,1
10,292,4,760,12850,PUPA ACTIVE LIGHT FOUNDATION,1
10,292,4,761,12851,PUPA AEF ACTIVE OXYGEN,1
10,292,4,862,12852,PUPA AEF MULTIVITAMINA,1
10,292,4,761,12853,PUPA AEF MULTIVITAMINA,1
10,292,4,862,12854,PUPA ANTI AGE MASK,1
10,292,4,762,12855,PUPA BAROQUE FIO,1
10,292,4,763,12856,PUPA BEAUTY SALON BATH & BODY KIT,1
10,292,4,764,12857,PUPA BEAUTY TOUCH STICK FOUNDATION,1
10,292,4,765,12858,PUPA BLACK & WHITE EFFECT NAIL POLISH,1
10,292,4,766,12859,PUPA BLUE PARADISE-SM11,1
10,292,4,767,12860,PUPA BODY LOTION,1
10,292,4,768,12861,PUPA BODY MIST,1
10,292,4,769,12862,PUPA BRONZE MANIA,1
10,292,4,770,12863,PUPA BRONZING & GLOWING ALL IN ONE,1
10,292,4,771,12864,PUPA BRONZING COLLECTION-17,1
10,292,4,771,12865,PUPA BRONZING COLLECTION-18,1
10,292,4,772,12866,PUPA BUTTERFLY-S10,1
10,292,4,773,12867,PUPA CHINA DOLL FW12,1
10,292,4,774,12868,PUPA CHROME NAIL POLISH,1
10,292,4,775,12869,PUPA CITY SAFARI SM13,1
10,292,4,742,12870,PUPA CLUTCH MANIA FASHION NIGHT,1
10,292,4,776,12871,PUPA COLORFUL PLUMAGE NAIL POLISH,1
10,292,4,777,12872,PUPA CONTOURING & STROBING,1
10,292,4,778,12873,PUPA CORAL ISLAND-SM15,1
10,292,4,779,12874,PUPA COVER CREAM CONCEALER,1
10,292,4,779,12875,PUPA COVER STICK CONCEALER,1
10,292,4,742,12876,PUPA CRYSTAL PALETTE,1
10,292,4,780,12877,PUPA DECO DIAMOND-X12,1
10,292,4,781,12878,PUPA DENIM JEANS NAIL POLISH,1
10,292,4,782,12879,PUPA DIAMOND POCHETTE VINYL LIP COLOUR,1
10,292,4,836,12880,PUPA DIAMOND VAMP KIT,1
10,292,4,783,12881,PUPA DISCO NEON NAIL POLISH,1
10,292,4,784,12882,PUPA DIVA'S LASHES,1
10,292,4,784,12883,PUPA DIVA'S LASHES MAXI VOLUME,1
10,292,4,784,12884,PUPA DIVA'S RAPID EYELINER,1
10,292,4,785,12885,PUPA DIVA'S ROUGE COLOUR INTENSE LIPSTICK,1
10,292,4,786,12886,PUPA DOT SHOCK SS16,1
10,292,4,787,12887,PUPA EASY LINER EYES,1
10,292,4,788,12888,PUPA ENHANCING BODY MIST,1
10,292,4,845,12889,PUPA EXTRA REINFORCING NAIL BASE,1
10,292,4,845,12890,PUPA EXTRA SMOOTHING NAIL BASE,1
10,292,4,789,12891,PUPA EXTREME BLUSH,1
10,292,4,790,12892,PUPA EXTREME BRONZE,1
10,292,4,779,12893,PUPA EXTREME COVER CONCEALER,1
10,292,4,791,12894,PUPA EXTREME MATT COMP FOUNDATION,1
10,292,4,791,12895,PUPA EXTREME MATT FOUNDATION,1
10,292,4,791,12896,PUPA EXTREME MATT GROUP FOUNDATION,1
10,292,4,862,12897,PUPA EYE MAKEUP REMOVER PEN,1
10,292,4,862,12898,PUPA EYE MASK,1
10,292,4,792,12899,PUPA EYEBROW MANIA DEFNITION CREAM,1
10,292,4,792,12900,PUPA EYEBROW MANIA DESIGN SET,1
10,292,4,792,12901,PUPA EYEBROW MANIA DOUBLE PENCIL SHARPNER,1
10,292,4,792,12902,PUPA EYEBROW MANIA DUO H/LIGHTER,1
10,292,4,792,12903,PUPA EYEBROW MANIA FIXING GEL,1
10,292,4,792,12904,PUPA EYEBROW MANIA HIGH DEFINITION,1
10,292,4,792,12905,PUPA EYEBROW MANIA INTENSE POWDER,1
10,292,4,792,12906,PUPA EYEBROW MANIA KIT,1
10,292,4,792,12907,PUPA EYEBROW MANIA MARKER,1
10,292,4,792,12908,PUPA EYEBROW MANIA PENCIL GEL,1
10,292,4,792,12909,PUPA EYEBROW MANIA PLUMPING GEL,1
10,292,4,792,12910,PUPA EYEBROW MANIA SET,1
10,292,4,792,12911,PUPA EYEBROW MANIA TRUE,1
10,292,4,793,12912,PUPA EYEBROW PENCIL,1
10,292,4,862,12913,PUPA FACE MASK,1
10,292,4,862,12914,PUPA FACE SCRUB,1
10,292,4,794,12915,PUPA FOLK WAVES-FW11,1
10,292,4,795,12916,PUPA FONDOTINTA ANTITRACCIA NO TRANSFER,1
10,292,4,862,12917,PUPA FOOT MASK,1
10,292,4,796,12918,PUPA GEL TOP COAT NAIL POLISH,1
10,292,4,797,12919,PUPA GLAMOUROSE SPRING 2020,1
10,292,4,798,12920,PUPA GLITTER NAIL POLISH,1
10,292,4,836,12921,PUPA GLITTERING EYE KIT,1
10,292,4,799,12922,PUPA GLITTERING NAIL POLISH,1
10,292,4,800,12923,PUPA GLOW OBSESSION,1
10,292,4,801,12924,PUPA GOLD ME X19,1
10,292,4,802,12925,PUPA GOLDEN CASINO-X11,1
10,292,4,862,12926,PUPA HAND MASK,1
10,292,4,803,12927,PUPA HIGH COVERAGE FOUNDATION,1
10,292,4,804,12928,PUPA HOLOGRAPHIC NAIL POLISH,1
10,292,4,806,12929,PUPA HOT TROPICS-SM12,1
10,292,4,808,12930,PUPA I'M DIVINE METAL EFFECT LIPSTICK,1
10,292,4,808,12931,PUPA I'M DIVINE NAIL POLISH,1
10,292,4,809,12932,PUPA I'M HOLOGRAPHIC NUDE GLOSS,1
10,292,4,807,12933,PUPA I'M LIP PENCIL,1
10,292,4,810,12934,PUPA I'M LOVEPROOF LIP COLOR,1
10,292,4,811,12935,PUPA I'M MATT LIP FLUID,1
10,292,4,811,12936,PUPA I'M MATT PURE COLOUR LIPSTICK,1
10,292,4,812,12937,PUPA I'M METALLIC PERFECT LIPSTICK,1
10,292,4,813,12938,PUPA I'M NUDE LOOK LIPSTICK,1
10,292,4,814,12939,PUPA I'M PERFECT LIPS,1
10,292,4,815,12940,PUPA I'M PRECIOUS LIPSTICK,1
10,292,4,815,12941,PUPA I'M PRECIOUS NAIL POLISH,1
10,292,4,816,12942,PUPA I'M PURE COLOUR LIPSTICK,1
10,292,4,817,12943,PUPA I'M SEXY ABSOLUTE SHINE LIPSTICK,1
10,292,4,817,12944,PUPA I'M SEXY NAIL POLISH,1
10,292,4,818,12945,PUPA I'M UNIQUE NAIL POLISH,1
10,292,4,855,12946,PUPA IN CASE OF LOVE,1
10,292,4,819,12947,PUPA JEANS N ROSES S12,1
10,292,4,820,12948,PUPA JELLY GLOW-MINI SM15,1
10,292,4,821,12949,PUPA JUMBO LINER,1
10,292,4,822,12950,PUPA LASTING COLOR,1
10,292,4,823,12951,PUPA LASTING COLOR EXTREME,1
10,292,4,824,12952,PUPA LASTING COLOR GEL,1
10,292,4,822,12953,PUPA LASTING COLOR GEL NAIL POLISH,1
10,292,4,822,12954,PUPA LASTING COLOR GLOSSY NAIL POLISH,1
10,292,4,822,12955,PUPA LASTING COLOR NAIL ENAMEL,1
10,292,4,822,12956,PUPA LASTING COLOR NAIL GEL,1
10,292,4,822,12957,PUPA LASTING COLOR NAIL POLISH,1
10,292,4,825,12958,PUPA LAVANDA HAND CREAM,1
10,292,4,826,12959,PUPA LIGHT UP THE NIGHT X 17,1
10,292,4,827,12960,PUPA LIKE A DOLL COMPACT BLUSH,1
10,292,4,827,12961,PUPA LIKE A DOLL COMPACT POWDER,1
10,292,4,827,12962,PUPA LIKE A DOLL CREAM BLUSH,1
10,292,4,827,12963,PUPA LIKE A DOLL FLUID FOUNDATION,1
10,292,4,836,12964,PUPA LIKE A DOLL GOLDEN INFUSION KIT,1
10,292,4,827,12965,PUPA LIKE A DOLL LOOSE POWDER,1
10,292,4,827,12966,PUPA LIKE A DOLL LUMINYS,1
10,292,4,827,12967,PUPA LIKE A DOLL LUMINYS BLUSH,1
10,292,4,862,12968,PUPA LIP MASK,1
10,292,4,828,12969,PUPA LIP PERFECTION ULTRA REFLEX,1
10,292,4,836,12970,PUPA LIPS & NAILS KIT,1
10,292,4,836,12971,PUPA LIPS KIT,1
10,292,4,829,12972,PUPA LUMI ELIXIR FACE PRIMER,1
10,292,4,830,12973,PUPA LUMINYS BAKED ALL OVER,1
10,292,4,830,12974,PUPA LUMINYS BAKED BLUSH,1
10,292,4,830,12975,PUPA LUMINYS BAKED EYESHADOW,1
10,292,4,830,12976,PUPA LUMINYS BAKED POWDER,1
10,292,4,836,12977,PUPA LUMINYS KIT,1
10,292,4,830,12978,PUPA LUMINYS SILK EYESHADOW,1
10,292,4,831,12979,PUPA LUMINYS TOUCH ILLUMINATOR,1
10,292,4,836,12980,PUPA LUXURY EYES KIT,1
10,292,4,832,12981,PUPA MADE TO LAST EYE PENCIL,1
10,292,4,832,12982,PUPA MADE TO LAST EYEBROW PENCIL,1
10,292,4,832,12983,PUPA MADE TO LAST FOUNDATION,1
10,292,4,832,12984,PUPA MADE TO LAST LIP DUO,1
10,292,4,832,12985,PUPA MADE TO LAST LIP TINT,1
10,292,4,832,12986,PUPA MADE TO LAST LIQUID EYESHADOW,1
10,292,4,832,12987,PUPA MADE TO LAST WATERPROOF EYE SHADOW,1
10,292,4,833,12988,PUPA MAGIC CONCEALER,1
10,292,4,834,12989,PUPA MAKEUP ACCESSORIES,1
10,292,4,742,12990,PUPA MAKEUP PALLETE,1
10,292,4,835,12991,PUPA MAKEUP STORIES EYE SHADOW,1
10,292,4,837,12992,PUPA MANDORLA HAND CREAM,1
10,292,4,838,12993,PUPA MATERIAL LUXURY SS18,1
10,292,4,839,12994,PUPA MATT EXTREME EYESHADOW,1
10,292,4,862,12995,PUPA MATT POWDER MAKEUP BASE,1
10,292,4,862,12996,PUPA MICELLAR WATER,1
10,292,4,862,12997,PUPA MOISTURIZING CLEANSING MILK,1
10,292,4,840,12998,PUPA MOSAIC EFFECT NAIL POLISH,1
10,292,4,841,12999,PUPA MULTIFUNCTION SUN CARE AFTER SUN CREAM,1
10,292,4,841,13000,PUPA MULTIFUNCTION SUN CARE SUPER SPRAY INVISI,1
10,292,4,841,13001,PUPA MULTIFUNCTION SUN CARE SUPER TAN ACTIVATO,1
10,292,4,841,13002,PUPA MULTIFUNCTION SUN CARE SUPER UNGUENT TANN,1
10,292,4,842,13003,PUPA MULTIPLAY EYE PENCIL,1
10,292,4,844,13004,PUPA NAIL ART MANIA,1
10,292,4,844,13005,PUPA NAIL ART MANIA BUBBLES,1
10,292,4,844,13006,PUPA NAIL ART MANIA CITY SAFARI,1
10,292,4,844,13007,PUPA NAIL ART MANIA CRAZY CRYSTALS,1
10,292,4,844,13008,PUPA NAIL ART MANIA CRAZY LUREX,1
10,292,4,844,13009,PUPA NAIL ART MANIA DEGRADE,1
10,292,4,844,13010,PUPA NAIL ART MANIA FLUFFY VELVET,1
10,292,4,844,13011,PUPA NAIL ART MANIA GLAM JEWELS,1
10,292,4,844,13012,PUPA NAIL ART MANIA JUICY FRUITS,1
10,292,4,844,13013,PUPA NAIL ART MANIA KIT,1
10,292,4,844,13014,PUPA NAIL ART MANIA MAGNETIC,1
10,292,4,844,13015,PUPA NAIL ART MANIA MESSAGES,1
10,292,4,844,13016,PUPA NAIL ART MANIA METALLIC BUBBLES,1
10,292,4,844,13017,PUPA NAIL ART MANIA MULTI EFFECT KIT,1
10,292,4,844,13018,PUPA NAIL ART MANIA PARTY QUEEN,1
10,292,4,844,13019,PUPA NAIL ART MANIA ROCK STUDS,1
10,292,4,845,13020,PUPA NAIL CARE,1
10,292,4,845,13021,PUPA NAIL CUTICLE NOURSHING OIL,1
10,292,4,845,13022,PUPA NAIL CUTICLE SCRUB,1
10,292,4,845,13023,PUPA NAIL FIX & SHIN TOP COAT,1
10,292,4,845,13024,PUPA NAIL GROWTH ENERGIZE BASE,1
10,292,4,845,13025,PUPA NAIL KERATIN BOOSTER,1
10,292,4,846,13026,PUPA NAIL PENCIL,1
10,292,4,845,13027,PUPA NAIL POLISH CORRCTOR PEN,1
10,292,4,848,13028,PUPA NATURAL CHIC LIPSTICK,1
10,292,4,847,13029,PUPA NATURAL EYESHADOW,1
10,292,4,845,13030,PUPA NATURAL NOURISHING OIL,1
10,292,4,849,13031,PUPA NATURAL SIDE BRONZING POWDER,1
10,292,4,849,13032,PUPA NATURAL SIDE COMPACT POWDER,1
10,292,4,849,13033,PUPA NATURAL SIDE CONCEALER,1
10,292,4,849,13034,PUPA NATURAL SIDE FACE PRIMER,1
10,292,4,849,13035,PUPA NATURAL SIDE FOUNDATION,1
10,292,4,850,13036,PUPA NATURAL SILK FLUID FOUNDATION,1
10,292,4,851,13037,PUPA NAVY CHIC S14,1
10,292,4,852,13038,PUPA NEW CHIC BRILLIANT LIPSTICK,1
10,292,4,852,13039,PUPA NEW CHIC BRILLIANT MATT LIPSTICK,1
10,292,4,862,13040,PUPA NOSE PATCHES,1
10,292,4,862,13041,PUPA OIL BLOTTING PAPER,1
10,292,4,853,13042,PUPA PARIS EXPERIENCE FW13,1
10,292,4,854,13043,PUPA PARTY ON-17,1
10,292,4,836,13044,PUPA PERFECT MATCH KIT,1
10,292,4,862,13045,PUPA PERFECTING CLEANSING WIPE,1
10,292,4,856,13046,PUPA PINK MUSE SS17,1
10,292,4,742,13047,PUPA POCHETTE GLITTER PARTY,1
10,292,4,742,13048,PUPA POCKET,1
10,292,4,857,13049,PUPA PRECIOUS CREAMY ALL OVER,1
10,292,4,858,13050,PUPA PRECIOUS GOLD POWDER,1
10,292,4,859,13051,PUPA PRIME ME EYE PRIMER,1
10,292,4,859,13052,PUPA PRIME ME FACE PRIMER,1
10,292,4,859,13053,PUPA PRIME ME LIP PRIMER,1
10,292,4,859,13054,PUPA PRIME ME TRANSPARENT POWDER,1
10,292,4,742,13055,PUPA PRINCESS BAG,1
10,292,4,860,13056,PUPA PRINCESS X13,1
10,292,4,861,13057,PUPA PRIVEE-FW17,1
10,292,4,863,13058,PUPA PROFESSIONAL BRUSHES,1
10,292,4,862,13059,PUPA PROFESSIONAL EYELINER,1
10,292,4,862,13060,PUPA PROFESSIONALS BB CREAM,1
10,292,4,862,13061,PUPA PROFESSIONALS BB CREAM - PRIMER,1
10,292,4,865,13062,PUPA PUPART BRUSHES,1
10,292,4,865,13063,PUPA PUPART EYESHADOW,1
10,292,4,845,13064,PUPA QUICK NAIL POLISH REMOVER,1
10,292,4,866,13065,PUPA RED QUEEN AMBER TREASURE,1
10,292,4,866,13066,PUPA RED QUEEN CITRUSY BLOSSOM,1
10,292,4,866,13067,PUPA RED QUEEN EXTRAVAGANT CHYPRE,1
10,292,4,866,13068,PUPA RED QUEEN FRESH ALDEHYDES,1
10,292,4,866,13069,PUPA RED QUEEN SETS,1
10,292,4,866,13070,PUPA RED QUEEN-X16,1
10,292,4,867,13071,PUPA RETRO ILLUSION FW18,1
10,292,4,868,13072,PUPA RICH ELIXIR PRIMER,1
10,292,4,869,13073,PUPA ROCK & ROSE X18,1
10,292,4,870,13074,PUPA ROLL LINER,1
10,292,4,871,13075,PUPA ROSA HAND CREAM,1
10,292,4,872,13076,PUPA SANDY MATT NAIL POLISH,1
10,292,4,873,13077,PUPA SAVANNA SM17,1
10,292,4,874,13078,PUPA SILK TOUCH COMPACT BLUSH,1
10,292,4,874,13079,PUPA SILK TOUCH FOUNDATION,1
10,292,4,875,13080,PUPA SKIN COLOR NAIL POLISH,1
10,292,4,876,13081,PUPA SKINNY LINER,1
10,292,4,862,13082,PUPA SMOOTHING FOUNDATION PRIMER,1
10,292,4,843,13083,PUPA SMOOTHING NAIL FILE,1
10,292,4,877,13084,PUPA SNOW QUEEN X14,1
10,292,4,878,13085,PUPA SOFT & WILD-FW15,1
10,292,4,845,13086,PUPA SOS NAIL REPAIR,1
10,292,4,845,13087,PUPA SOS NATURAL PROTECTIVE BASE,1
10,292,4,879,13088,PUPA SPARKLING ATTITUDE LTD EDITION,1
10,292,4,880,13089,PUPA SPORT ADDICTED 17,1
10,292,4,881,13090,PUPA SPORTY CHIC SS15,1
10,292,4,882,13091,PUPA STAY GOLD-X15,1
10,292,4,883,13092,PUPA SUGAR CANDY NAIL POLISH,1
10,292,4,843,13093,PUPA TOE NAIL SEPERATOR,1
10,292,4,884,13094,PUPA TRUE EYES EYE LINER,1
10,292,4,885,13095,PUPA TRUE LIPS,1
10,292,4,885,13096,PUPA TRUE LIPS LIP PENCIL,1
10,292,4,845,13097,PUPA ULTRA GENTLE NAIL POLISH REMOVER,1
10,292,4,886,13098,PUPA ULTRA SMOOTHING FOUNDATION,1
10,292,4,887,13099,PUPA ULTRAFLEX MASCARA,1
10,292,4,888,13100,PUPA UNDER WATER NAIL POLISH,1
10,292,4,889,13101,PUPA UNEXPECTED BEAUTY SS19,1
10,292,4,890,13102,PUPA URBAN INSPIRATION KIT,1
10,292,4,836,13103,PUPA VAMP PALETTE KIT,1
10,292,4,891,13104,PUPA VAMP! BAKED EYESHADOW,1
10,292,4,891,13105,PUPA VAMP! COMPACT EYESHADOW DUO,1
10,292,4,891,13106,PUPA VAMP! CREAM EYESHADOW,1
10,292,4,891,13107,PUPA VAMP! DEFINITION LINER,1
10,292,4,891,13108,PUPA VAMP! DEFNITION MASCARA,1
10,292,4,891,13109,PUPA VAMP! EXCEPTIONAL VOLUME,1
10,292,4,891,13110,PUPA VAMP! EXPLOSIVE LASHES,1
10,292,4,891,13111,PUPA VAMP! EXTREME CREAMY EYESHADOW,1
10,292,4,891,13112,PUPA VAMP! GEL EYELINER,1
10,292,4,891,13113,PUPA VAMP! MAKEUP SET,1
10,292,4,891,13114,PUPA VAMP! MASCARA,1
10,292,4,891,13115,PUPA VAMP! MASCARA ALL IN ONE,1
10,292,4,891,13116,PUPA VAMP! MASCARA EXTREME,1
10,292,4,891,13117,PUPA VAMP! MASCARA KIT,1
10,292,4,891,13118,PUPA VAMP! MASCARA WATERPROOF,1
10,292,4,891,13119,PUPA VAMP! MATT COMPACT EYESHADOW,1
10,292,4,891,13120,PUPA VAMP! PALETTE EYESHADOW,1
10,292,4,891,13121,PUPA VAMP! PROFESSIONAL LINER,1
10,292,4,891,13122,PUPA VAMP! READY TO SHADOW EYESHADOW PENCIL,1
10,292,4,891,13123,PUPA VAMP! STYLO LINER,1
10,292,4,891,13124,PUPA VAMP! VIVA CREAM EYESHADOW,1
10,292,4,892,13125,PUPA VELVET GARDEN FW16,1
10,292,4,893,13126,PUPA VERY VINTAGE S11,1
10,292,4,894,13127,PUPA VINTAGE CHIC,1
10,292,4,895,13128,PUPA VISIONARY WOOD FO9,1
10,292,4,896,13129,PUPA VIVA CARIOCA SM14,1
10,292,4,897,13130,PUPA VOLUME RAPID ACTION LIPSTICK,1
10,292,4,845,13131,PUPA WHITENING NAIL BASE,1
10,292,4,898,13132,PUPA WING LINER,1
10,292,4,899,13133,PUPA WONDER COVER,1
10,292,4,862,13134,PUPA ZERO RESIDUE CLEANSING BALM,1
10,292,4,864,13135,PUPALASH MASCARA ENERGIZER,1
10,292,4,742,13136,PUPART EYES MAKEUP,1
10,292,4,742,13137,PUPART L MATT MAKEUP KIT,1
10,292,4,742,13138,PUPART M SHINY MAKEUP KIT,1
10,292,4,742,13139,PUPART MAKEUP KIT,1
10,292,4,836,13140,PUPART POCKET KIT,1
10,292,4,742,13141,PUPART S MAKEUP PALETTE,1
10,292,4,742,13142,PUPART S MATT MAKEUP KIT,1
10,292,4,742,13143,PUPART S SHINY MAKEUP KIT,1
10,347,4,967,13144,RICINA V CANTO EXTRAIT DE PARFUM,1
10,427,4,677,13145,ROSE ABSOLUMENT,1
10,427,4,684,13146,ROSE D'ETE,1
10,427,4,687,13147,ROSE NUE,1
10,427,4,688,13148,ROSEBERRY,1
10,265,4,736,13149,ROSSA BOHEME,1
10,441,4,900,13150,SARAH JESSICA PARKER DAWN,1
10,441,4,901,13151,SARAH JESSICA PARKER LOVELY,1
10,441,4,902,13152,SARAH JESSICA PARKER TWILIGHT,1
10,427,4,689,13153,SECRETS DE ROSE,1
10,315,4,916,13154,SFS LX CLEANSING FOAM,1
10,315,4,916,13155,SFS LX CONC BAL SOFTENER,1
10,315,4,916,13156,SFS LX EYE & LIP CONT REGEN CRM,1
10,315,4,916,13157,SFS LX I FIRMING CONTOUR SERUM,1
10,315,4,916,13158,SFS LX LEGENDARY ENMEI,1
10,315,4,916,13159,SFS LX PROTECTIVE CREAM,1
10,315,4,916,13160,SFS LX REGEN BODY CREAM,1
10,315,4,916,13161,SFS LX REPLENISHING,1
10,315,4,916,13162,SFS LX T RADIANCE LOOSE POWDER,1
10,315,4,916,13163,SFS LX TOTAL PROT CRM,1
10,315,4,916,13164,SFS LX TOTAL PROTECT EMULSION,1
10,315,4,916,13165,SFS LX TOTAL RADIANCE FOUNDATION,1
10,315,4,916,13166,SFS LX TOTAL REGENER CRM,1
10,315,4,904,13167,SHISEIDO ACCESSORIES,1
10,315,4,905,13168,SHISEIDO ADENOGEN HAIR ENERGIZING,1
10,315,4,905,13169,SHISEIDO ADENOGEN SHAMPOO,1
10,315,4,941,13170,SHISEIDO ARCHLINER INK,1
10,315,4,906,13171,SHISEIDO BB CREAM,1
10,315,4,907,13172,SHISEIDO BNF  MASK,1
10,315,4,907,13173,SHISEIDO BNF CLEANSING,1
10,315,4,907,13174,SHISEIDO BNF CREAMY CLEANSING,1
10,315,4,907,13175,SHISEIDO BNF EYE CREAM,1
10,315,4,907,13176,SHISEIDO BNF EYE MASK,1
10,315,4,907,13177,SHISEIDO BNF MASK,1
10,315,4,907,13178,SHISEIDO BNF REFINER,1
10,315,4,907,13179,SHISEIDO BNF REVITALISING,1
10,315,4,907,13180,SHISEIDO BNF SMOOTHING CREAM,1
10,315,4,907,13181,SHISEIDO BNF WR24,1
10,315,4,907,13182,SHISEIDO BNF WRINKLE LIFTING CREAM,1
10,315,4,907,13183,SHISEIDO BNF WRINKLE RESIST KIT,1
10,315,4,908,13184,SHISEIDO BOP GLOW REVIVAL,1
10,315,4,908,13185,SHISEIDO BOP LIFT DYNAMIC CREAM,1
10,315,4,908,13186,SHISEIDO BOP LIFT DYNAMIC EYE,1
10,315,4,908,13187,SHISEIDO BOP LIFT DYNAMIC SERUM,1
10,315,4,908,13188,SHISEIDO BOP SUPER CORRECTIVE,1
10,315,4,908,13189,SHISEIDO BOP SUPER EXFOLIATING,1
10,315,4,909,13190,SHISEIDO BRILLIANT BRONZE SELF TANNING,1
10,315,4,944,13191,SHISEIDO COMPLETE CLEANSING MICRO FORM,1
10,315,4,910,13192,SHISEIDO DAILY BRONZE MOISTURIZING,1
10,315,4,911,13193,SHISEIDO DEODRANT ANTI PERSPIRANT,1
10,315,4,912,13194,SHISEIDO ESSENTIAL ENERGY,1
10,315,4,913,13195,SHISEIDO ESSENTIALIST EYE PALETTE,1
10,315,4,914,13196,SHISEIDO EVERBLOOM,1
10,315,4,915,13197,SHISEIDO EXPERT SUN AGING PROTECTION,1
10,315,4,944,13198,SHISEIDO EXPERT SUN AGING PROTECTION,1
10,315,4,915,13199,SHISEIDO EXPERT SUN PROTECTION LITION,1
10,315,4,944,13200,SHISEIDO GSC UV PROTECTIVE COMPACT,1
10,315,4,917,13201,SHISEIDO HC INTENSIVE ESSENCE,1
10,315,4,918,13202,SHISEIDO IBUKI,1
10,315,4,918,13203,SHISEIDO IBUKI SMART FILTERING SMOOTHER,1
10,315,4,919,13204,SHISEIDO IMPERIALLASH MASCARA,1
10,315,4,920,13205,SHISEIDO INNERGLOW CHEEK POWDER,1
10,315,4,921,13206,SHISEIDO LACQUERINK LIP SHINE,1
10,315,4,926,13207,SHISEIDO MAKEUP BRONZERS,1
10,315,4,922,13208,SHISEIDO MAKEUP FACE CONCEALERS,1
10,315,4,924,13209,SHISEIDO MAKEUP FOUNDATIONS,1
10,315,4,925,13210,SHISEIDO MAKEUP LIPSTICKS,1
10,315,4,923,13211,SHISEIDO MAKEUP MASCARAS,1
10,315,4,927,13212,SHISEIDO MEN CLEANSING FOAM,1
10,315,4,927,13213,SHISEIDO MEN EMPOWERING CREAM,1
10,315,4,927,13214,SHISEIDO MEN HYDRO MASTER,1
10,315,4,928,13215,SHISEIDO MEN SKIN CARE,1
10,315,4,929,13216,SHISEIDO MODERNMATTE POWDER LIPSTICK,1
10,315,4,941,13217,SHISEIDO NATURAL EYEBROW PENCIL,1
10,315,4,930,13218,SHISEIDO PERFECT CLEANSING,1
10,315,4,944,13219,SHISEIDO PROTECTIVE MIST,1
10,315,4,944,13220,SHISEIDO PURENESS GSC COMPACT,1
10,315,4,933,13221,SHISEIDO PURIFYING MASK,1
10,315,4,934,13222,SHISEIDO REFRESHING CLEANSING SHEETS,1
10,315,4,934,13223,SHISEIDO REFRESHING CLEANSING WATER,1
10,315,4,935,13224,SHISEIDO REPLENISHING,1
10,315,4,944,13225,SHISEIDO REVITALIZING TREATMENT SOFTNER,1
10,315,4,936,13226,SHISEIDO SGB AROMATIC SCULPTING GEL,1
10,315,4,936,13227,SHISEIDO SGB CLEANSING MILK,1
10,315,4,936,13228,SHISEIDO SGB FIRMING CREAM,1
10,315,4,936,13229,SHISEIDO SGB REVITAL BODY EMULSION,1
10,315,4,936,13230,SHISEIDO SGB SLIMMING REDUCER,1
10,315,4,937,13231,SHISEIDO SHEER & PERFECT COMPACT,1
10,315,4,938,13232,SHISEIDO SKIN CARE CLEANSING,1
10,315,4,949,13233,SHISEIDO SKIN CARE UTM,1
10,315,4,938,13234,SHISEIDO SKIN CARE VITAL PERFECTION,1
10,315,4,953,13235,SHISEIDO SKIN CARE WASO,1
10,315,4,938,13236,SHISEIDO SKIN CARE WHITE LUCENT,1
10,315,4,954,13237,SHISEIDO SKIN CARE WHITENING,1
10,315,4,939,13238,SHISEIDO SKIN CARE-BENEFIANCE,1
10,315,4,940,13239,SHISEIDO SKIN CARE-SETS,1
10,315,4,941,13240,SHISEIDO SMK 7 LIGHTS POWDER ILLUMINATOR,1
10,315,4,941,13241,SHISEIDO SMK 7COLORS POWDER,1
10,315,4,942,13242,SHISEIDO SMK BIG BANG AURA DEW,1
10,315,4,942,13243,SHISEIDO SMK BIG BANG BROW INK TRIO,1
10,315,4,941,13244,SHISEIDO SMK CONTROLLED CHAOS MASCARA,1
10,315,4,941,13245,SHISEIDO SMK CRYSTAL GEL CLOSS,1
10,315,4,941,13246,SHISEIDO SMK ESSENTIALIST EYE PALLETE,1
10,315,4,941,13247,SHISEIDO SMK FESTIVE CAMELLIA PALETTE,1
10,315,4,941,13248,SHISEIDO SMK FULL LASH SERUM,1
10,315,4,941,13249,SHISEIDO SMK HYDRO-LIQUID COMPACT,1
10,315,4,941,13250,SHISEIDO SMK INKSTROKE EYELINER,1
10,315,4,941,13251,SHISEIDO SMK KAJAL INK ARTIST,1
10,315,4,941,13252,SHISEIDO SMK LACQUER ROUGE,1
10,315,4,941,13253,SHISEIDO SMK LUMINIZING,1
10,315,4,941,13254,SHISEIDO SMK LUMINIZING SATIN,1
10,315,4,941,13255,SHISEIDO SMK MICROLINER INK,1
10,315,4,941,13256,SHISEIDO SMK PERFECT REFINING,1
10,315,4,941,13257,SHISEIDO SMK PERFECT ROUGE,1
10,315,4,941,13258,SHISEIDO SMK PERFECTING STICK CONCEALER,1
10,315,4,941,13259,SHISEIDO SMK PORE CORRECTOR,1
10,315,4,941,13260,SHISEIDO SMK REFINING PRIMER,1
10,315,4,941,13261,SHISEIDO SMK SATIN EYE COLOR,1
10,315,4,941,13262,SHISEIDO SMK SHEER EYE ZONE CORRECTOR,1
10,315,4,941,13263,SHISEIDO SMK SHIMMERING CREAM,1
10,315,4,947,13264,SHISEIDO SMK SILKY EYE SHADOW,1
10,315,4,941,13265,SHISEIDO SMK SMOOTHING LIP PENCIL,1
10,315,4,941,13266,SHISEIDO SMK SYNCHRO SKIN GLOW,1
10,315,4,941,13267,SHISEIDO SMK SYNCHRO SKIN ILLUMINATOR,1
10,315,4,941,13268,SHISEIDO SMK TRANSLUCENT,1
10,315,4,941,13269,SHISEIDO SMK WHIPPED POWDER BLUSH,1
10,315,4,943,13270,SHISEIDO SPARKLING PARTY PALETTE,1
10,315,4,932,13271,SHISEIDO SPN MATIFYING,1
10,315,4,944,13272,SHISEIDO SPORTS BB COMPACT,1
10,315,4,944,13273,SHISEIDO SUN CARE,1
10,315,4,903,13274,SHISEIDO SUN PROTECTION LOTION,1
10,315,4,945,13275,SHISEIDO SUN PROTECTION SPRAY,1
10,315,4,946,13276,SHISEIDO SYNCHRO CUSHION COMPACT,1
10,315,4,944,13277,SHISEIDO SYNCHRO SKIN ILLUMINATOR,1
10,315,4,947,13278,SHISEIDO TM ACCENT COLOUR,1
10,315,4,947,13279,SHISEIDO TM HYDRO EYESHADOW,1
10,315,4,947,13280,SHISEIDO TM LIP GLOSS,1
10,315,4,947,13281,SHISEIDO TM LIQUID COMP FOUNDATION,1
10,315,4,947,13282,SHISEIDO TM LUMINIZING LIP GLOSS,1
10,315,4,947,13283,SHISEIDO TM PERFECTING LIPSTCK,1
10,315,4,947,13284,SHISEIDO TM SHIMMERING LIPSTICK,1
10,315,4,948,13285,SHISEIDO TS CLEANSING CREAM,1
10,315,4,948,13286,SHISEIDO TS CLEASING SOFTNER,1
10,315,4,948,13287,SHISEIDO TS MAKEUP REMOVER,1
10,315,4,948,13288,SHISEIDO TS RENEWING SERUM,1
10,315,4,944,13289,SHISEIDO TS TINTED FOUNDATION,1
10,315,4,950,13290,SHISEIDO URBAN UV PROTECTION,1
10,315,4,951,13291,SHISEIDO UV PROTECTIVE COMPACT FOUNDATION,1
10,315,4,951,13292,SHISEIDO UV PROTECTIVE LIQUID FOUNDATION,1
10,315,4,952,13293,SHISEIDO VISIONAIRY GEL LIPSTICK,1
10,315,4,953,13294,SHISEIDO WASO CLEAR MEGA-HYDRATING,1
10,315,4,953,13295,SHISEIDO WASO SOFT+CUSHY POLISHER,1
10,315,4,954,13296,SHISEIDO WL FOUNDATION,1
10,315,4,954,13297,SHISEIDO WL MAKEUP SPOT C SERUM,1
10,315,4,954,13298,SHISEIDO WL SPOT CORRECTING SERUM,1
10,315,4,931,13299,SHISEIDO ZEN,1
10,347,4,967,13300,SIGISMONDO V CANTO EXTRAIT DE PARFUM,1
10,212,4,955,13301,SOLEIL LALIQUE,1
10,322,4,956,13302,SPONGEBOB SQUAREPANTS,1
10,347,4,967,13303,STRAMONIO EXTRAIT DE PARFUM,1
10,347,4,967,13304,STRICNINA V CANTO EXTRAIT DE PARFUM,1
10,327,4,957,13305,SUCCESS BY TRUMP,1
10,330,4,958,13306,SWEET YEARS PRIVE,1
10,347,4,967,13307,TEMPTATIO V CANTO EXTRAIT DE PARFUM,1
10,335,4,959,13308,TEO CABANEL JULIA,1
10,442,4,960,13309,THOMAS SABO CHARM CLUB FOREVER,1
10,442,4,961,13310,THOMAS SABO EAU DE KARMA,1
10,442,4,961,13311,THOMAS SABO EAU DE KARMA HAPPINESS,1
10,442,4,962,13312,THOMAS SABO REBEL AT HEART GENTLE WOODS,1
10,443,4,963,13313,TONINO LAMBORGHINI ACQUA,1
10,443,4,963,13314,TONINO LAMBORGHINI CLASSICO,1
10,443,4,963,13315,TONINO LAMBORGHINI ESSENZA,1
10,443,4,963,13316,TONINO LAMBORGHINI INTENSO,1
10,443,4,963,13317,TONINO LAMBORGHINI INVINCIBILE,1
10,443,4,963,13318,TONINO LAMBORGHINI MITICO,1
10,443,4,963,13319,TONINO LAMBORGHINI PRESTIGIO,1
10,443,4,963,13320,TONINO LAMBORGHINI SPORTIVO,1
10,416,4,964,13321,UBER DUETO PARFUMS,1
10,427,4,690,13322,UN ZESTE DE ROSE,1
10,345,4,965,13323,UNGARO APPARITION SKY,1
10,345,4,966,13324,UNGARO FEMININE,1
10,265,4,737,13325,UNGUENTUM,1
10,350,4,968,13326,VALENTION ABSOLU,1
10,398,4,969,13327,VAN CLEEF & ARPELS MURMURE,1
10,398,4,969,13328,VAN CLEEF & ARPELS TSAR,1
10,427,4,677,13329,VANILLE PARADOXE,1
10,347,4,967,13330,V-CANTO EXTRAIT DE PARFUM-MALATESTA,1
10,427,4,677,13331,VOIS FUCHSIA,1
10,425,4,625,13332,WANTED BY JESSE,1
10,361,4,970,13333,WINX FAIRY COUTURE,1
10,364,4,971,13334,YFL REJOUISSANCE,1
10,365,4,972,13335,YSL PARIS,1
10,366,4,973,13336,YUJIN FEROCE ELLA MIKAO,1
10,366,4,974,13337,YUJIN MEN AFTER SHAVE,1
10,366,4,975,13338,YUJIN PARADISE APRICOT,1
10,417,4,590,13339,ZEGNA Z2,1
10,265,4,976,13340,ZEPHIRO,1
10,444,4,977,13341,ZILLI CACHEMIRE NOIR,1
10,444,4,977,13342,ZILLI CUIR IMPERIAL,1
10,444,4,977,13343,ZILLI TITANIUM,1
10,89,4,978,13344,ZINO DAVIDOFF,1
10,445,4,979,13345,ZIRH CORDUROY FOR MEN,1
